,device_id,repeat
0,0yhy0-46axu-c74ek-phj77-0uojl,9
1,2ko95-hs10y-q1051-2naw2-4a07a,9
2,4k7hc-usv8s-5jirh-m32qc-zgeg0,6
3,nhf5u-okpym-l11ec-gjple-q9s2n,5
4,x3yua-uuzov-064yp-lf6xp-i9qu0,1
5,0xqvx-j7qq4-kfffi-trcry-7fzob,1
6,jbngx-j6muq-ydxce-dp35q-wscde,1
7,18zlx-qw6mq-0f5rl-dnz2x-pkby9,1
8,un4b6-umwz0-04ich-n6b0v-as9ft,1
9,7l0hn-p0ugu-954ux-ciwzu-gepyv,1
10,zyp4t-crrnc-e6gye-mp25o-yux9t,1
11,lq1qq-llo93-zf1ty-laup1-m6e8l,1
12,keei2-ujxe4-mc9vb-5kxzl-l6q04,1
13,v46j8-a27s5-c31h4-gouck-l2ott,1
14,8z9ue-3my9p-4swqr-xqtsr-7srao,1
15,0k9sf-xmvnv-uqxze-u4dx6-58zwj,1
16,zctwk-q5cpy-zcekm-0dmcw-cg7zr,1
17,fcpge-9lgdw-qzjl0-1p4u6-8d3x4,1
18,g4vh3-qkxx2-3r0bx-fsliy-nzejz,1
19,nc64d-4r77u-ruqu8-z9krh-d26o2,1
20,rz8no-j1ayu-v02aw-0assk-etiqr,1
21,jg4ir-oxsbu-kg12h-o2sxx-anw6c,1
22,sekvw-uksjn-j09cl-7pjig-qjsnr,1
23,3c6nd-9n1kw-k74uv-rc3wi-n8dpb,1
24,rvyg8-q3dml-wo8re-oc52f-e0co1,1
25,5z2vj-wxd3l-nf98m-l021b-kp0j4,1
26,f81zw-2hjxx-akas2-zdz6t-tkqnj,1
27,vline-aw397-bm8ot-13jju-bymum,1
28,n2e8u-8264f-2fdst-tw34e-yebsy,1
29,a3f8d-ky7fa-hfofx-4lbbs-iczs2,1
30,77o4f-fms6f-5xhk6-qv5k7-mtr50,1
31,d0spu-4439x-u5lkt-m810j-y14v8,1
32,rt7t8-bg86i-c3mhe-5wmao-3prga,1
33,e2sxj-6gp6c-80aid-h7ixe-58hi5,1
34,m9gbz-x0j1r-lwnrf-5db5v-ck8n7,1
35,hpsa4-kfm2w-c6vkb-0kb1h-dbzpi,1
36,wwnt0-1dglp-hde44-masqr-qijic,1
37,o85ed-ya8kr-dm5kd-lu5eu-nvq5k,1
38,5iebk-933y0-a20wf-88gos-6b9ba,1
39,7kbka-i7td4-ekstq-xqwtf-posvw,1
40,wuyrp-5k7h9-j15wd-ri7jd-ujhja,1
41,os34x-1nbb1-3vr90-gkovb-udgwm,1
42,moag0-qbcoc-nrwe8-kxthq-gqj9k,1
43,8enb8-brycf-9esq1-h6q5t-re8qc,1
44,3cw2w-fi0yv-wvumf-z1mfa-3yz12,1
45,yx2wj-ltsug-tgwkg-7whl7-a4oii,1
46,ng39x-qdap0-ylcsf-vhs1o-8io4y,1
47,szgow-ejpzt-tutll-i24zp-lb1ad,1
48,7pczq-86yu9-esbuh-a0rhz-ezpke,1
49,czdmh-e9txn-8kxs7-kgofn-piubt,1
50,edlb4-9qg56-2ltwg-tnoz3-lsnph,1
51,q2j1c-nztix-6dzgo-l4amx-7pfg6,1
52,mun2p-nid8k-ywnoh-ge69w-x1w6j,1
53,ughm9-pwjro-5pict-tesev-sf2kc,1
54,2mxol-zo5yo-k8g98-88sna-55l9h,1
55,mnhjc-pom1s-1rg6t-vu074-4m0ky,1
56,v0nzj-nijle-dfdkt-im39y-krj0t,1
57,znfu1-6mwc9-63n9y-jvt2o-aphqe,1
58,qt7qe-emj25-4awco-0sbr0-tzusp,1
59,r5p48-mkrda-9a34f-nm4cy-7xo5j,1
60,ovjtw-aosi2-nizgy-t7s36-8srst,1
61,2xtun-v75im-7qjfd-m16qu-m7z6j,1
62,utmdp-43tbt-ygyug-0lbyz-jrcox,1
63,t329f-2mszf-mr600-ixms1-pipom,1
64,gq587-g5gyw-9a1yn-gcccv-kouxh,1
65,lhph5-fs9sc-mt3q7-wsiz6-btjt3,1
66,ch1t9-eql4q-ewow0-mqdo5-rt0ie,1
67,1s0p8-1dfst-w7uqo-icn47-9os7m,1
68,c7lxv-7vybh-apbxw-j21zi-2kpuj,1
69,s1zm5-8svhm-lvd9f-a7xx1-t07sv,1
70,5ybgz-p65s7-kowmp-vtnnk-ycqkd,1
71,48f1t-u5ms5-15o8k-qdozt-ltz3o,1
72,zha72-oljoh-1bqb8-d9qo8-pzazs,1
73,pjznm-4y3dz-vfndd-snbu5-mxgez,1
74,n69fx-mqdzq-e9w6e-2t5uz-rpr2j,1
75,d8co2-j399a-fqqzd-u6xfl-6ee1p,1
76,how2u-i3sk2-c59eu-5wnpi-uvizl,1
77,k80w2-ea89v-4l2ui-1j19v-x0dqh,1
78,aa5rj-x2025-ws2ri-v550b-bzf8p,1
79,dt2ai-dzz7m-2l8b6-gbqgv-3yo6g,1
80,drs9d-x9f04-gqcmd-ks8nq-n5yb3,1
81,4zklb-40w5b-ihrdl-p6zsp-zq3lm,1
82,bgky1-optu3-gzry6-0q935-axh6y,1
83,m6kwm-nrt64-n42ev-rvkey-eeuug,1
84,lum8j-xdeas-gc8a5-szzi6-t65ym,1
85,cgluk-o5b28-lg4o1-aej3x-12uh2,1
86,e12x8-nqb4t-8wonu-1z5s9-7kwoi,1
87,i1g72-xs4q3-t939w-63bjz-bfnwp,1
88,k4o6x-lkm2u-buxq2-1xzjy-6qjr5,1
89,eyg0z-9j99b-070bh-r1wme-53x1n,1
90,rkg14-3wdii-jbd2d-e35lx-hri7o,1
91,ho4fn-ij345-e6gyx-h7wsu-ekzfx,1
92,pmqpw-ufqty-hk6bj-76srt-wms78,1
93,tik0i-gsts2-2fqbm-gkihh-gibz3,1
94,rsdbx-jhp9c-7soon-66y2p-hiwjv,1
95,zv9ov-erw5f-7qcuh-qufb9-4dv8h,1
96,42t3s-ua59g-3yokt-916yx-mxf54,1
97,4enag-r840d-77vdi-vmsg6-csiw7,1
98,xe6r2-drsgl-nzo8s-eln7l-2xaf1,1
99,cmxma-z07py-99hzt-lnyta-hri8x,1
100,8ztt1-2bp4v-4cbcu-5wmb7-g8mr7,1
101,84he4-3e902-pxr0r-wt0dv-86wmu,1
102,c5ds9-gu9ev-wa5wc-xnrh6-s3wov,1
103,xvzly-21vcq-4ugta-tq6c6-6rd9k,1
104,n3fg9-5u0ha-gy6rr-dw8le-jwa9v,1
105,uj8fu-njzaq-kr7od-q1618-tpg7l,1
106,r9nu2-kgwiv-t332b-fz2hs-kocj4,1
107,jp8dy-eed1d-bcm7o-egjcx-58z1e,1
108,hoy2t-78p1s-3guom-50uqr-epu2a,1
109,v66uh-f352r-npyt6-jjk01-9hfr4,1
110,g2f7l-bwyah-p0jru-tt59s-zfm44,1
111,rtguj-w4o90-yilwa-8un4h-h6vre,1
112,wdwcn-vc4o6-7gwta-t6ov1-58lyi,1
113,baq98-cvk10-gvdyz-q6711-gt0oj,1
114,sr2wj-fzt1n-08uzl-0p920-16bby,1
115,fgtfp-gdykf-4yb0f-v6d15-p4ul6,1
116,kwqk5-d0772-8q92t-1pjnl-4cka4,1
117,5w5bm-nffh4-5451p-h9z6t-zxlxs,1
118,vhpdm-wbhn2-omkzd-1vcfg-n70jf,1
119,7bxdn-jaruo-ebxm9-lphj2-7gfxy,1
120,3k7ba-ma7eq-qcv1p-qotif-a6vga,1
121,igzci-moh5f-6dv81-8sssp-d55kg,1
122,76jj9-prhji-b2ib1-g8nza-s81bj,1
123,w587g-7sqw9-jkbtd-irfdz-1qp1c,1
124,1e3xa-u03nn-bx48n-thqcx-hpp7y,1
125,02mzx-vuilc-haiqv-5znoo-g1qxe,1
126,sh9j5-ceqqo-ny8yl-p1hb3-fnpt0,1
127,92ra6-2508n-tcejv-toeoy-gig2n,1
128,1z4i2-t9ebe-kcoly-i8ecx-ec3xp,1
129,akz5s-7cyyq-wdxkx-ubtae-a3eoo,1
130,k73vn-3ntp5-h4xl7-vy2zc-oiwk0,1
131,lumyj-mtqjh-hqccz-nprt4-sfysy,1
132,hsnc7-wy7xm-phiay-ams8w-p54jn,1
133,0rira-02cpe-qqn8w-yk37v-6gv2j,1
134,8cng4-wnf1p-cr8hi-ay3de-n1dik,1
135,djvlp-m07b8-l717b-3jdbh-xdg6m,1
136,0bs37-c3uwf-6wrbh-2zhnh-btv6n,1
137,yfrrb-rj2h3-cwbmh-i1fho-9pvnb,1
138,q2mvz-tgehu-dfj84-3zhs0-ypj7w,1
139,nldfc-g7mw1-dwdo5-yc1je-y9zg7,1
140,3hdlc-q3b7f-i4pit-lgsfr-drvza,1
141,x8gvi-qa9yo-6t0re-zp9vs-8st60,1
142,ieuy5-b3p1o-szku8-owihw-a2yof,1
143,ejx6t-d36yr-rqxzr-jma8n-3jc19,1
144,lcxuo-dxdfo-veggt-hz8lq-0drcg,1
145,p35s6-vhrgg-nyv8v-uwm59-lc8po,1
146,p8dl5-800em-qtgl6-527jd-2ac7k,1
147,0vf9u-kxpyi-ucdho-bo939-gwxvw,1
148,4jff4-0is1g-ik97k-m1bqz-100jv,1
149,ghtx0-w6hfc-heyh9-9n0a3-wgbjl,1
150,2s2s4-9c0jx-9ddxs-phv7v-zlx5t,1
151,xy7nl-fgj4y-xm45b-hmio3-je3pi,1
152,uupkw-8j3jp-nsibo-it8nz-nnsej,1
153,tn7yb-0g7ye-26l06-1wjzq-hgug9,1
154,mr0vr-9reun-116fh-zu5hp-cjbi9,1
155,cl2vs-qvk29-6lr7e-4hehi-dnn42,1
156,jet2e-kaxhy-o84w0-hh02g-chbww,1
157,ohj2m-8bkn4-sc0cq-ktexm-ten13,1
158,ts61h-1n9h6-btdrs-v0ezq-64y1n,1
159,dsvfj-9ywv9-6plwl-f8apy-qjgu9,1
160,24oot-1tk3w-l9mys-rdiz3-1ba1w,1
161,twa9u-w29vh-t405r-vzezw-ifpga,1
162,fhnoj-dbsaw-crl14-6af6g-gayvz,1
163,i81ri-8fusw-cwha2-qno3x-uvp39,1
164,6q0u5-kss2v-b3emz-hnico-f621m,1
165,yyqyw-ftgjn-pw1va-jvo0h-u6sb9,1
166,wj3ah-dzcey-542s4-zz6ro-7shjw,1
167,xbub9-ghmgi-19wnd-cda79-ji75f,1
168,ntmxs-vhk11-ue04l-vn28a-bqjbx,1
169,4vlyg-tmjkx-3qlq4-8qoyu-dtaaf,1
170,1skj8-5g4rz-2u2yg-j1nu5-vldyr,1
171,k185r-f0f7e-4e786-oz18l-e7hah,1
172,20qh8-djhgy-856dl-xo9pu-pt62k,1
173,cs49t-6ikis-d8ro1-q2tnu-hbqnw,1
174,hx6pm-451cz-sv8wx-sjtdj-squoy,1
175,a9e8r-vh7w0-1b64l-j3vmt-9f0ni,1
176,gmk2b-qbenl-gp83x-tfh22-o7wxl,1
177,ucgcp-tg2d7-9wlgh-0xt4o-f9934,1
178,k1418-zzonu-dq2qx-03mlj-ham9q,1
179,gtfwn-qdsnp-q08uz-a7arg-z4oo8,1
180,1kh85-23h3y-97p99-qmjin-zlp2j,1
181,qhawi-ol1wu-ull26-7u2vj-d9c24,1
182,ggg1q-6ahlu-ptyry-dep84-422s5,1
183,lwu0a-z3nho-xtyc5-096dy-tknut,1
184,w8zar-63ubd-f4rjq-yzzi6-54kvy,1
185,8wm9f-4w77v-g3stx-vtbt6-bulpm,1
186,uzj5k-kzmtw-5hj7t-aji0a-h0e4n,1
187,vrzl7-39klt-i0krr-sm8xr-gqr7y,1
188,ty26e-5kob3-l3jek-qoyn1-h1h2t,1
189,gdqbv-a3zn9-gcivo-581m8-u7x9e,1
190,hf6sz-shca7-rxyrk-8gft4-lebpd,1
191,jygc2-klbuu-ct31l-g4b8p-3y6n5,1
192,7rmp0-pysa8-b3r8h-tsnxa-w1e0w,1
193,bpz32-b0isr-mp4w9-ec7kt-0wm8o,1
194,jb9f0-vuea5-zm2dx-uciua-vzijr,1
195,l65ag-x9esz-e0x02-my8ie-brf23,1
196,60dbz-6ytbw-kw2fj-lqjxx-mx6gb,1
197,pilq4-xdg58-seqx5-1u1f0-5hv1x,1
198,kv2th-40ymq-nkqk8-8xfkz-umng9,1
199,4glb1-zoedr-ru481-d10y0-17zlk,1
200,zs299-jabbx-w4zjk-3w9is-5wyrg,1
201,eu44b-pny50-5nl28-vr1en-jnsuy,1
202,57c6r-yday5-y5ai4-18xp6-au6ai,1
203,kqylu-9cxv2-wkeh8-dt6b9-jkn5j,1
204,1mi9t-0orw0-tymx4-6ct35-xabqg,1
205,s0qiq-021x5-8vqzp-a6z1a-ki3py,1
206,52owb-1qnur-nab75-x5k6x-z9qjf,1
207,tnqlp-5bxzj-uhzpj-iexdm-w0u9u,1
208,llgus-2cs9k-1jcrh-x6di9-mop28,1
209,ndqra-asnjz-8a7x5-2r1sk-249n6,1
210,htcmx-mhufa-261du-skisp-ip1c9,1
211,roj0d-o26i8-2uajh-32yyo-xk9lt,1
212,5k27s-s95kw-6hgdo-0plla-gfw1w,1
213,wo72s-fvnnu-mjsf6-y0glt-h9fk2,1
214,yj4ak-scz5u-bgn6s-oe7yj-80ode,1
215,5117q-v5u6w-449hy-mprqt-yqaea,1
216,zuyyi-rg94l-bbm4i-j7x3f-u0kow,1
217,2op88-d4bgi-mm9eq-mmdro-xxbbx,1
218,gwf0s-3jaug-zyy4x-ujpkb-yvdiq,1
219,yticy-lj0yy-41u4f-r9z4e-dg21v,1
220,yi78r-st44d-x6was-iluib-h3dhu,1
221,70k14-s8tt7-mll9h-klvi2-nzl3s,1
222,zcoib-qsu3r-pi10u-jijpg-0xnya,1
223,3l4uh-wxp7b-gb8fk-3csyy-vowp7,1
224,yk810-0dhkk-ytkae-tissh-3wapc,1
225,8sbtw-rzzyp-0n4me-6lpu4-56jzo,1
226,9ev16-rdcou-ff33f-0wqkj-3k8qz,1
227,dllsz-nkq1t-19o0k-kkee4-zvg7t,1
228,9kxf1-u7ev0-i6x4e-juqyl-zu2pd,1
229,ccnow-0o45y-amjxl-cgbyv-wjpak,1
230,o3p2o-31g6a-ickrh-w84f8-3jdee,1
231,b1kdk-j30yl-vdpxq-uhn55-z27oa,1
232,zrzue-8uox9-k6r64-zklu6-215h4,1
233,u6qcz-hqino-dn3g8-f8387-53jjv,1
234,u31bt-i9ew1-y9la6-yi8bc-l6bed,1
235,dlzcd-hrdzq-3p9ao-lxmqu-nerdq,1
236,n8sj2-9yyy3-jzgoz-0fwt6-mrqvd,1
237,5pixk-l01sa-fgo4z-8dvfp-bkvpw,1
238,vasb0-39st2-ynmj8-0ifll-swlnv,1
239,1hfh8-s30xh-tzz94-yuznb-tecpu,1
240,3si7s-7kg1f-m2u5t-2ffmv-2t21a,1
241,k4a2w-tigio-7jdd5-iu70k-qduto,1
242,538tb-mt54t-a1xok-gkm3e-bazyg,1
243,ggxj9-61hgy-auvm9-52x89-zqdzt,1
244,jhtsq-rp8mp-5tfy5-1x9me-bz1jz,1
245,ys6sq-6iudp-mp98n-gszkw-7ci9q,1
246,a0w96-zyigk-oznq8-1mcgu-b7930,1
247,0hie4-t2j62-n6cd6-licqb-q8pmo,1
248,ixypz-ftt20-0y8ap-n63f4-noelb,1
249,xp0tc-9hg9v-6vt54-69mt8-4eecx,1
250,r9tz1-qromz-o4m3q-i57ep-szrtr,1
251,nzb6h-rlevy-urdxm-likc7-ripjo,1
252,f129t-pjrvr-yb7jt-uoh36-s64hs,1
253,hg6cz-q1hv1-b7o4a-6uffl-ih77l,1
254,xgxx8-lt6ku-3w7nf-0vb3q-kekpo,1
255,b6ph9-9s9fd-vdv1a-d9qbq-d6pn2,1
256,2p97l-797tl-syr3l-m0cc6-5m1wx,1
257,gc31w-o5wry-vjtgi-ev9d2-lbdnc,1
258,e5n0g-xg1fs-5nuac-j930f-so9sm,1
259,1fe7d-g8g56-ac7rc-vquz7-1r19p,1
260,gixxe-h642t-crk63-3f4s6-3ddib,1
261,p6z3i-l5ml6-iw06r-7lbnr-k8dds,1
262,jricc-dze23-2yv0o-5rk5c-spn0t,1
263,f7zjq-45vbo-eb5y5-89mwp-si9xh,1
264,311ty-om4mv-25x8f-807if-33v4b,1
265,zv603-kuryq-rfwr2-o5pw2-d1rll,1
266,p9ri5-qmzxl-lttva-2gpdi-qkfs7,1
267,jot0w-hfqdc-s2pri-2jfrr-zotsu,1
268,wusji-49ril-catd5-yj6b3-1iz4t,1
269,yc3mh-g8yah-3ti8n-s6jdm-5doj2,1
270,i7sqy-bwo34-83was-cppcp-vh096,1
271,mvnsd-d6881-tb2x0-dc1df-jyryn,1
272,biii3-xcsp4-0bm1h-623b5-iun4z,1
273,2h1yg-qpzr3-9np3z-ydphh-wznaq,1
274,x3o25-jqlvh-qwqba-kyk9a-ihbc9,1
275,fs8mv-817zo-wtb7l-1s49z-4pffl,1
276,c6vbp-1ls4h-c6c2q-86ktr-epyoa,1
277,8ugu6-fyjwb-7857p-6283h-vecmx,1
278,q3nz5-4cs96-ddk11-afp4m-mn30v,1
279,0mrw9-9hm8v-84n2t-vfri4-klmsm,1
280,cou9i-6vquh-ankoo-4iuv8-0k6hs,1
281,tdq6y-xikq5-m4lwi-r2a92-4036i,1
282,qk6ax-qsh2n-p9jlz-b670a-p938c,1
283,31nfa-lst8q-68uld-krt6i-xesis,1
284,y9ogg-j1uay-v9rft-l2sb2-swa3m,1
285,kzcu8-3fjew-u9i2e-fafmt-e92be,1
286,xr5p4-vt4lv-rdxex-mun2l-qvibl,1
287,0qzul-rpa6p-n1ysp-ukn6m-zvffl,1
288,pzcnt-pd4ej-l122x-nge7o-mc5l2,1
289,iannk-yml2f-s6wpr-3imnd-wpdq5,1
290,9q0lj-0rkiy-int1y-u3dfr-g7g3e,1
291,namp2-5j3kq-olt1b-y93xe-hb5et,1
292,ns3st-tej54-oz6vr-ji6lj-1z4m5,1
293,msk8a-uh9fc-qu64n-n40x1-gebu8,1
294,th1g7-gpqt9-ob8i4-enf2r-aqfnr,1
295,8lswx-um69c-6ehpd-ymvvu-lrmfn,1
296,9b9uw-qebpg-3ujlw-kyzs8-evqpa,1
297,ui9q4-io8mf-buqw8-xdows-mcbz8,1
298,j4htt-bhpey-xdt4c-qqsyv-fso3k,1
299,x4ime-u0w60-wtqew-u38v2-gcuiy,1
300,tkydj-pb5ds-db5c7-1jhm7-08yos,1
301,krexg-nllcc-3qetv-re3cl-kynv1,1
302,mfzwv-xjuep-m6rpc-t78kl-3k2g2,1
303,9s97r-8legz-ycl5h-rl2x7-2opl7,1
304,m0r5b-37e9n-6zk3s-em9gc-820pp,1
305,3b3hl-fe7yk-hnfbm-93hga-msngv,1
306,b0jas-8aj6x-8gek9-eni8r-voije,1
307,wgchg-3ahzx-dw0mq-hspfk-fusow,1
308,06jqe-b89n2-2dmir-7t62u-2kaha,1
309,hc1gu-9tgsq-xfd7x-ud81t-q2p10,1
310,tmxkb-vgj8t-zin0i-srit2-84k5y,1
311,2lmdd-qn1vq-wp1qc-p6g49-7cebb,1
312,1ze0u-1tzre-fahll-ye044-muhj5,1
313,6cklw-il9k9-1f0jx-dua1z-lizv1,1
314,mm8g6-cy6n4-wxiyn-2svbc-7dxk8,1
315,1l7s6-lxkk0-plgf8-qcfsp-dclsl,1
316,lip8z-p9t9p-4udzx-goh0h-phgec,1
317,0cy5b-5rmfa-fe0o2-r8vcv-arq4u,1
318,zrk0x-d3p0u-dlcyo-fag5y-v6lan,1
319,az00j-7o0zk-3ugex-1bq10-8icd9,1
320,cxpm4-2x7ka-q2d1a-vlvp5-ey321,1
321,o8pc3-16uw6-2gjbj-or3mg-21ng3,1
322,diae1-9cayo-a5a9h-nzvzf-dyhq3,1
323,re45z-hz2if-0n4n8-9ghe4-v030e,1
324,f9kwj-3zbm3-vdczg-yp6bx-ermp7,1
325,maixr-796s0-7hncf-8nrvw-c5dpz,1
326,ybt3d-msnbb-kupjv-duegn-ojoi9,1
327,4agz9-zsib5-z91zk-ws26n-thd42,1
328,g8mdw-x14by-cmcu6-ifwnl-9mjrw,1
329,2l37m-e07f7-lloin-egv3d-enveg,1
330,ok8tv-sg3ur-kf0ih-gpwtf-ifsvx,1
331,sacoe-6dgx9-7uheh-w8yay-eaf4t,1
332,axw03-k9isy-o2m2z-9tg3f-7kjnc,1
333,ldrgh-qfl71-672z5-27rbe-w1mk8,1
334,ecr18-6pdfo-ff218-ez3fi-yj6rw,1
335,z7niy-3rryi-8tai0-7d56h-onotf,1
336,86kgu-pyxij-yhy42-hv7zm-2kgf9,1
337,o6uiv-86jza-ijy91-aqnlm-ht9rm,1
338,kr3sm-h28dm-5herp-8z6lj-drzwp,1
339,85qj5-k9n6a-7qs2x-60sd7-o1g3x,1
340,nulaa-h7qbx-yc8q0-qlluf-jx00f,1
341,z2wye-2o16h-6htx1-vzr7n-4jk0h,1
342,g1r7y-2ngji-pfnli-w6rvl-hhbng,1
343,oy0nl-za8am-6detr-7zzeo-fe7fo,1
344,9zceo-7xa39-jmp1u-8n4n8-61jze,1
345,snhch-zw4ys-5h96s-8vfo4-7ca28,1
346,grx64-9914r-f1m9c-5dogd-v5mmn,1
347,cnc6f-gxwc1-t7cqj-es0wl-96uek,1
348,39tiy-71m3n-19reu-rb6od-m6426,1
349,1kxuu-p6j59-7nkv4-jgdqe-8hcme,1
350,3d0cr-83yix-wtatj-dav5a-lwl0o,1
351,htok9-3ds0q-8lncc-xl7kr-d7nn6,1
352,wp0iq-c0rk1-9g896-re42r-xlx35,1
353,q68nm-2qhab-efokh-s4aji-rktp0,1
354,yypsi-qyxmj-cdzb7-8oejq-8k1gm,1
355,h5o3m-fvths-c34g5-18dpn-edz0c,1
356,xn31f-bozs4-8qsqf-9zfa6-zgny3,1
357,qjo0w-wicql-y1ft7-aa4tl-xbpa9,1
358,i5b9d-2yv95-poeha-xguxw-pp8hv,1
359,3ubmj-tb3wp-sack6-0nkam-j83rv,1
360,xfbj8-pcr4d-4495t-cyam9-1ru36,1
361,j39uo-0jjkv-imm53-32ign-ra73g,1
362,bhn6t-7pwq1-fst9u-xme8h-zygab,1
363,hd4tc-v1byx-w3xbr-c5ckd-4xrma,1
364,iriok-h1guw-xuc7k-fdtrs-vhrh7,1
365,9tqm8-8za5s-b5syd-3igg6-7mhd8,1
366,p3vkv-w5v24-ozrrm-med0w-un8ov,1
367,gwdqa-cg1cw-h1x1h-4jy51-zyr1n,1
368,28wph-ad3oe-b7gg8-h1ci4-ctf8g,1
369,s1hja-qivez-ld73m-sqge8-009m5,1
370,z0rdt-ou6h1-m9lgc-e50tl-f75ke,1
371,iu1pt-yx247-ci1r2-5v7nr-njxuq,1
372,t1bpe-oo8b9-lk2u5-8s52t-8kdl0,1
373,642oj-oiinw-9ieez-10xut-ate7q,1
374,u36ge-rckot-zabh0-nzi1l-93pns,1
375,skp8m-afnsm-x2wy6-suiqw-d6wqz,1
376,qlydd-d31b5-1dhlj-tg0ua-9fldw,1
377,huvrq-5zbjc-wv41s-un85a-blvvc,1
378,xv5lj-x0e98-6itse-qir2y-gsy24,1
379,ajfvp-3z53v-w1qnz-53cem-vlg51,1
380,v4d30-78te7-pdgi5-hu2ve-e8sl2,1
381,342cy-sy162-7fphx-92fec-y31hd,1
382,k6no8-eck9h-rg8ip-komja-fq4zu,1
383,swn2g-7y1uo-g24lh-q65uu-qj7dr,1
384,7epkd-1oxza-uieqy-m0kvj-f8ysb,1
385,mjwvm-m8v98-kvzu8-mkrg6-q4nql,1
386,h5nbf-qpjvy-iey3r-vd1tg-48xk7,1
387,6xaz0-kq3kt-98fci-xr241-6s63x,1
388,ccpon-y7l37-qicce-z31r6-z1su9,1
389,e58gg-wsnpb-1dt3k-wo81w-y93di,1
390,y59gf-78r7q-8cmf2-owhvi-0i2d0,1
391,e60ty-g3glu-7kzmg-sklbu-v8nur,1
392,fgf2o-jhq4l-o8kwo-kpf7a-cxfec,1
393,f3200-un9px-zk600-cqe52-22x0p,1
394,57pbn-bi572-ztk6j-5056a-doynl,1
395,wslzt-kmnvp-gxhj6-ah89g-t39m8,1
396,csz4u-cbo8r-xrog8-1gt0x-8835i,1
397,euooc-x3a7s-8nt2h-p57u0-m6fqg,1
398,n0rmf-6txoz-1bnb0-xcw0c-fz295,1
399,18tbr-l3ufq-o8b88-4ehol-v7270,1
400,14tux-mssq8-3n8g4-0cr2r-lcemx,1
401,wi4so-yq5ry-dblfw-c4lhy-ln2s3,1
402,87h00-66kny-tgrus-pglna-bqsb5,1
403,e2zdp-2j5g3-b4ix2-um8vw-585vt,1
404,btk4a-64f2p-0y2mp-vznci-ei4oz,1
405,msbd6-q7b2p-ave36-b1ppj-cjzug,1
406,pvskg-bdl3b-b82bc-eqicb-akdtn,1
407,3yz72-2rzvb-i8zqw-blloj-4lg28,1
408,99m6a-4cri6-hucgc-zybn8-qkr4r,1
409,70kim-uwnro-gazh8-4hnig-jzzx6,1
410,wip6u-eh3no-lre2j-ahi81-5474i,1
411,u6aqs-n80h5-je626-9k4dy-z5djj,1
412,gx4x2-qrbzk-j2d99-4x5ly-qet41,1
413,zqd0l-bgzz8-bczim-ua64l-ahbv8,1
414,ihf49-i5lfc-idq4w-pdj6v-6lbt3,1
415,m783b-2ds7s-3tdri-79oeu-z3g8m,1
416,49gjw-6dcka-qriau-ink1q-jyyvp,1
417,2pqtp-wpspk-nld9p-cfwpl-nnqqd,1
418,mknap-blcif-xotwr-9db5e-1ejdi,1
419,9rz9m-g4xad-9zpkp-ygscg-j5cux,1
420,5wjpe-zj74p-fxn97-osp7r-ceox0,1
421,sz2ts-8pjpy-mo899-qg4dv-9x1do,1
422,4qhxf-przww-nih7z-aquwu-5x2ke,1
423,6oln5-6h2mn-a0ypc-w221c-b5uth,1
424,qoqz7-tqy1g-mc8k7-pbqje-ewd9u,1
425,ny24t-iy594-u5u5h-sjlsw-n20fs,1
426,gvjjj-b76fx-ongi4-ttg59-bf2b0,1
427,98fsr-tw9gc-hiqzx-1vh6l-2gls4,1
428,1yqb4-6vuhy-wpo8n-akt37-jl14e,1
429,7gped-pn8bb-40loe-7utfn-wnb02,1
430,rh041-tk4j4-odibi-ge8pp-lp9xg,1
431,3gccg-5vx5y-x2jmd-bv35q-uueo2,1
432,hnaqo-c4d8p-md28i-ezwra-zg6ab,1
433,10oiz-ilgnb-nhdvf-uukig-robs7,1
434,eevwm-ta22d-ps0uu-fort3-m8uh2,1
435,zcp1g-xxg5s-fwy1d-y5yvc-9bxp3,1
436,sz3d8-wvy93-7y6e9-6cn31-53ac0,1
437,88i0h-pr4tt-m175k-efh4l-i77fv,1
438,ufdlv-d16b9-h03gq-jjsyl-go4hp,1
439,obj7g-f2a4u-skyg2-dz14f-2ecrs,1
440,et9he-m5gox-4g9b5-c96fx-0sx96,1
441,0n9b1-ou5cd-n4zmh-r4ofz-fijzm,1
442,30h5n-ntzay-gq6bc-4vi6w-g6pmy,1
443,n06ph-k22ag-0nhuo-ivvtc-grlis,1
444,bstnc-nk75p-ri4un-o7vhz-wev43,1
445,cdy36-5iltg-0vbyg-8510r-lggfr,1
446,i2ugh-acb27-pjs7l-lnns6-73b5o,1
447,iyxbf-w8tqx-gxpr7-3y7d9-oj535,1
448,hlfew-km8l4-i5sdl-rmzwn-qkcxw,1
449,i4abd-2yv4b-0o16y-i7xs3-mbrn7,1
450,n4o0v-g74fv-kmdbg-x5cb3-q1yq6,1
451,bdlvh-b9jps-otc9f-h5o6r-lcvh8,1
452,8bzxy-op3gf-ac10k-vsvhd-fpcjc,1
453,x90wy-2u002-b8a1k-g650k-an1x7,1
454,xqp0n-bdbgh-mit08-m8tu3-szxhh,1
455,j6jfm-7w8ka-qgl2f-ugwwb-ztlp0,1
456,0z2id-2qcv6-4mgum-xascs-p1x2c,1
457,h4ccq-968yb-qbc93-ws6b9-vauii,1
458,kave8-yee30-sre7r-zlxln-cx8nt,1
459,wf4rs-c8tb5-sf97v-ttgpf-bgvug,1
460,p0diz-g7wb3-gyk2g-zly17-fc3n3,1
461,n8udu-1va2n-mgmkv-i5nc0-flbwa,1
462,97c2c-xtv14-l7ofc-nv150-klddh,1
463,ba5nd-zof7z-6e9ux-uqims-v58iu,1
464,x89py-467bw-dp9yk-ulf4t-w8sh1,1
465,9oavs-hdala-sab40-xwk1p-c708v,1
466,hx0ge-h4hdy-z08wq-6nde3-0x0sa,1
467,jxitr-cnzzf-navk7-jcw7x-fkpja,1
468,wfqud-37ymg-6i9ec-rhgka-fce5j,1
469,nl8nz-b7osd-n7fwh-siuk8-nvqbq,1
470,tagd1-919b9-xvix2-9yvlj-8giu3,1
471,dmu38-sj8ec-kr5r3-efhfy-5sq64,1
472,rp9ta-04kz9-mhagi-keq5a-usn32,1
473,1m5ks-7ljqz-6gx85-o57fs-psnmt,1
474,zo7lr-nl4y2-dgyxf-tj1q4-244fu,1
475,medbz-qig2d-nm2wz-izr8u-2qxot,1
476,1wpzs-3o18a-uf1fz-ulxaf-r3t2t,1
477,0q0c5-xu62i-vrny9-4ezfz-iwtyc,1
478,3lpwh-zpzhg-4ql4k-ns7qd-swg1w,1
479,wtm9y-dzy8h-08l4e-8t6lz-zc6nt,1
480,sdw32-erv3b-2dgk3-b0z77-z3gny,1
481,cbp98-iaiej-uzvky-8hqpm-v5ivt,1
482,hpxai-svvg7-dh24h-wich4-c8n39,1
483,8gbyd-lcwnn-aj9vw-ddmaq-agvkr,1
484,oajou-yrkdt-sl1dt-uqc2h-5bl6n,1
485,41m9f-q35uq-iw68f-16cr7-etvyr,1
486,kf73k-9xw1j-gol9c-gc856-81nez,1
487,o1zi8-klcwp-ms6mc-zlszd-uh7wm,1
488,pq1bo-0ki38-2h2si-y2mn6-yfab7,1
489,7ehht-3eksf-61ho9-sozzp-taowe,1
490,1l1lr-ibvpg-w5zxp-62rxy-986ex,1
491,ddnjt-jad07-iofhc-g8g7q-4x3pp,1
492,m7g3z-3etlr-nzk7w-0tc7l-m0n0c,1
493,uonkb-hcmy7-xsbn6-c1gni-8hrja,1
494,end0l-2ypxw-rat6j-qnrw8-qt8fb,1
495,my7ym-nard0-luhnr-5miwt-dkaht,1
496,xn1yi-ra8je-pw14e-e179i-ap640,1
497,rf46q-fdjmt-5qpet-cud1t-wdcvo,1
498,1ftlg-qynxt-q616a-k4q3o-n1419,1
499,3t00j-1k2un-ku0h5-snnip-8lblk,1
500,s2ois-tnavy-95919-15kwe-qkdwb,1
501,enxz6-g8c6m-igfr6-xlvvu-9kx9n,1
502,scnx1-2h36o-xkqee-wgzlx-fufaq,1
503,d47n2-fiaa9-lgyw0-r0myb-247re,1
504,3xe4e-wgyqv-sx9t1-kcsti-tkt2b,1
505,bg3y7-2i9n1-8l4vq-8fcq1-toy0n,1
506,1ek1y-dg7os-90ifh-whi99-m5nwf,1
507,zlmi3-sj20s-ffm0f-ibswj-mbch0,1
508,nzlat-sdos9-1aujg-xbhnr-yfqz3,1
509,2p2v1-hvg26-0tolx-3ssh1-cykv6,1
510,a21i2-fijxe-lq3cd-hb5ow-f2vda,1
511,9e7r7-k80p8-rme92-9lgmc-vxybz,1
512,h1n40-1ur7j-0b0ps-se2n2-7v5aa,1
513,h76p2-h6ufb-84cpg-ghye0-4d50o,1
514,3g094-wxydn-hp0or-tzkjc-ooefh,1
515,lgugk-qxva4-1yz19-y9xi9-643gr,1
516,cuqx2-48asr-81o3t-4ewwl-fk6o1,1
517,aa0yx-d0eu6-ijd0r-uj9qd-likq7,1
518,6ea8c-2ig67-8svv9-9mrl1-kqzu1,1
519,aec3z-0bpfn-f2gh1-g6qnj-0aspi,1
520,g52k1-v3ll7-1mrej-hpnty-dotc7,1
521,xn9tc-6t5q1-eby21-krrel-trfr0,1
522,2iuoa-rbmiy-0nwvj-q4w12-ea4qb,1
523,433g7-iphio-45wnm-fokbp-sfyxv,1
524,ihyt2-3wfut-p9eur-nrhic-75hos,1
525,w35n0-g4v3t-002ck-7o84u-spkgc,1
526,y8zl5-36jsq-4yxld-ig5a9-y89em,1
527,o9cmx-6zxf1-yx3fg-53d5q-622lv,1
528,o1axg-w3jhs-zaglp-g71w2-qqrvv,1
529,zff21-y9urm-amgmm-nhtes-pe8g9,1
530,es622-sfegc-8evqz-jkx66-04zf1,1
531,62g6i-40lba-u4kzj-ff8hy-8y5d2,1
532,4lgzl-t73nj-03e85-3i9mo-nonvo,1
533,7k6bu-fpwax-64ooo-7fd9b-rw4s1,1
534,ehyxu-0dhmx-d3ddw-a68e2-r61x6,1
535,fuf9s-0xd5p-4hfh7-slwva-tct9v,1
536,3acjt-olwfx-vsbkp-arf9v-hx5y6,1
537,oluwl-l4lq6-16z9h-9raun-avdv2,1
538,14l76-w31ry-fpkyp-ftm8b-0g8qy,1
539,l8tz0-m37hd-4mt65-c8jfi-fbm4s,1
540,t85c2-be3sc-jk6ia-jqxzn-n2r5g,1
541,4ov4g-e6dup-0mg4c-pj0o4-v5ng3,1
542,ee1an-xkveu-skhbx-2k5ph-qnpvd,1
543,3hd2l-kq0gw-ye85p-uldta-ador9,1
544,o0pqi-2amd3-8wdnq-eb81n-tgjbq,1
545,12txh-2wki7-se6i2-5jjrk-02ena,1
546,i5mtp-8c19m-jexvf-mmrt2-alcv7,1
547,p1kql-kq18i-3nu2b-mxf4s-hy2dp,1
548,f0o6g-wrkb1-0i1x9-ntvnq-m5kwi,1
549,p3lov-i4fas-7v7y8-nz59l-kvzxb,1
550,h7k58-vvow9-vobdp-2isew-tebrp,1
551,cah20-d7ods-i963p-drqvf-8fsvj,1
552,nfnvy-mimf5-dngbx-5ujrf-rzukz,1
553,v4c87-gycsu-cvswf-dxk9b-tq4c6,1
554,b1r8a-exxyc-ghmkd-peaa8-v9odi,1
555,d5p1c-xvhdu-b57pu-q7906-f5g4k,1
556,jfexc-8ut1m-h6fvm-5mvzh-c82je,1
557,oypio-glr9z-jl0d6-4aov8-04wxy,1
558,vw10q-eislz-qgve2-k0ny8-8tcph,1
559,rhsro-p3rjs-2mf8o-nemid-p76uv,1
560,uesdw-vi7zz-ph5c5-3z67p-zi0dp,1
561,mpn9h-vej6k-xl5c8-lzl2l-70bck,1
562,jy1ez-9fvdc-u0enp-cik8d-wnfbd,1
563,pgru5-5ko48-4vb16-akoow-bx516,1
564,3wqea-4bc3h-5eael-sjh5f-5v71a,1
565,pmztx-be666-b2o8f-ayk7r-c8uk2,1
566,w0n6w-shlds-x39s7-7ltlq-bn2zq,1
567,y9rld-8uw1y-aqdpe-f956f-dev7j,1
568,7i15p-cklbt-98qd1-hf6ja-l3xhv,1
569,i101o-yzi7t-zh61a-vfqqu-01b2q,1
570,hy2g2-gj0od-yqoib-1ow7q-8mgpg,1
571,1h7oy-qn7wq-hhqqv-0rw7b-sab1q,1
572,fmud2-v2948-yt07x-pygz8-jfnct,1
573,s80go-bdunr-ed28c-evg1z-8bmqb,1
574,53zb2-q94d3-sh4ok-b1ql7-ontdv,1
575,li9jc-kem0e-ls6qz-dic1g-f085h,1
576,555nh-qftev-b4z13-8eip8-l7dve,1
577,klj36-ucff0-rkuzg-vhr08-2vl4w,1
578,mhw28-e87kj-na00k-kpfh8-k2f63,1
579,9w7vj-3hoz3-qwmn5-w2ix3-vvlc3,1
580,dq0om-574wz-wli5k-nzkh1-u4b53,1
581,fkbex-9cik2-gnujs-lxl8g-wogbr,1
582,r3nne-3y0aq-pxdp6-gnkpm-yt11j,1
583,54rbd-zw3cr-58kdv-av5u4-8kzzl,1
584,4913j-sfjfo-w153b-9yp72-ks4gb,1
585,0viu6-dgl9b-jge19-58fb6-0h43m,1
586,uzo93-u3yh7-fm7e2-4njaq-vjcju,1
587,h9nek-xtz80-v5gmy-3dxtb-e93u7,1
588,i1qyu-y05d4-ilh1w-i6nye-31143,1
589,e0ngi-fgdm0-ulf4u-ca0lt-jl2n0,1
590,i1jfc-54qcp-z6qeh-wd2q9-3ggru,1
591,ax7lo-9dlu2-0xx26-gnpvr-mhi4e,1
592,lzpuv-092d2-9cva8-fn23w-6mjc8,1
593,3x0pr-axw3k-jmf4o-t1go9-lzv6x,1
594,8qbc5-hy9j2-samlr-iqmb6-iqjfb,1
595,od0u9-da8o9-x9f2d-o95w1-17d10,1
596,ddq60-vwakx-uy018-4bwit-gg3vo,1
597,7865p-cz81t-0qrmk-4bc71-c5eg4,1
598,gpsta-j8eav-ibxix-z15sg-t9v6o,1
599,0h1m8-fblzo-32ufd-hxpi3-lp0t7,1
600,fed06-kosov-xf97m-cqg0e-380za,1
601,k9ubf-hzfx2-o2oet-wm41i-jvka9,1
602,r0pc1-11m6f-vtylf-gpt6s-kzj8i,1
603,cuo86-bbmb1-yncoy-j3c0k-nb4vl,1
604,bkqef-u0684-h29zr-7my7q-lhqhd,1
605,qi6lv-4gjwp-59gpd-pkr5a-24yhs,1
606,zuxlz-c894q-5fmez-o7wak-pppem,1
607,6ttrb-y7arl-hhgn4-h2h7h-n9kce,1
608,y1fh1-a0i64-y48a0-qjz87-ja4s9,1
609,hiwmb-bn1gf-zqjli-6h4ey-y4lrj,1
610,6eg6g-50h3v-n2p4z-h06a3-b6mta,1
611,tt5d1-d8w53-pnfmv-bbhby-6v8a0,1
612,vgk2e-cppdk-v69p7-b997i-9xqav,1
613,abxov-t5q7v-rn9g0-bpldw-noqc9,1
614,kycoc-7sit0-drzmk-ivsf5-2kutr,1
615,0q5ad-mkb75-r123z-6knq1-2pjbx,1
616,qkh2q-io3p3-2mobw-hst6a-llxh9,1
617,n0qf0-vchor-pxe12-zmlv2-keby3,1
618,xn4ai-do3eu-eds2r-4vian-k498u,1
619,l428z-fb3t5-a8jgu-0zsgz-xq8x9,1
620,zsk16-b5010-q9lnv-79vxe-1oo1y,1
621,c7ohj-krv4m-zu3q3-vlsvv-ma4qd,1
622,oid8n-krfwi-amjyp-jbf2g-o6nxr,1
623,2lm2w-at01h-nbml0-bvbmd-pcb9r,1
624,7dbi4-uh2kv-ykp8b-z9rnm-637y6,1
625,dowk3-lhyqk-gcpxr-hz6y5-5rjol,1
626,djtjo-24i0f-omp29-lch84-hwisd,1
627,fg93v-0iouj-xeer5-r93xz-lvcdg,1
628,f33p0-lllxn-z4wgi-aieya-ak2je,1
629,8qnah-wjvgn-n9puy-cbvax-j5gcx,1
630,0s3kt-d1soi-j5d16-g6z7v-guvxt,1
631,sl16m-2z17o-npuil-chzm6-pw61k,1
632,2sfd4-fuac4-h4ziv-cquty-ikso1,1
633,v35wi-32e5d-h8g4v-yqomz-qe5zm,1
634,e106x-22m35-1mmsf-o330c-iymzm,1
635,57d0u-5qztc-h4nno-hviwd-98t48,1
636,ky64w-wk3sg-6nqym-15mze-bqxl9,1
637,a5yaq-jectz-gim22-698jf-jmonw,1
638,5fy8v-ei9d2-kzt1s-isquy-ymdd2,1
639,8n893-my2ad-5jm94-27xvr-n21x1,1
640,xfnth-104vk-j7p8z-hlfvi-hamk5,1
641,pys0c-5r0vl-giwz4-nv9y0-j5jdy,1
642,sy0gc-ga7jg-1vk7t-z73zk-6463h,1
643,2lnsw-qdkru-dhdsm-dyytm-nfr6d,1
644,yfaap-9nz4e-vt2eu-kf74t-yqd6l,1
645,0in5a-aw22u-4kzfv-cq7rf-fskpf,1
646,8s6nj-627ey-43wg7-f9fuc-91o7x,1
647,u8h3g-72jdi-wvu3j-q6jd0-41u89,1
648,zqaaa-2v6yv-17ur7-w5yu4-99xhx,1
649,opa8x-69x0l-2o717-sot08-nxrc4,1
650,87e4t-8arro-gx0zr-1csix-5xbdh,1
651,yxdpw-4fvxr-wowct-1lslz-r7ftt,1
652,6gfhy-yp0ag-86nc7-spxqx-exvoe,1
653,w9n7n-71ym1-qqz4r-olnm1-we1c0,1
654,f49qf-fmcp4-1xnl9-uuvis-bfpta,1
655,owlng-8d66y-2kr4l-10zsm-70fij,1
656,9wes6-jr6w4-0d7i8-mjmwi-meq7m,1
657,udkio-8wur0-3z7rf-bv1fr-rv2wq,1
658,plyka-yjvzd-wk8ke-we945-yoy92,1
659,0qhs4-doo6l-7d8gr-bcd06-9tyeb,1
660,dsgrn-y4z0c-a0yyn-4izmx-vupd3,1
661,uw0a4-yyq59-e2a4q-o3430-jophz,1
662,eiyha-xrgi2-h07wx-wyxf3-vn41h,1
663,y92de-cyf06-if24q-7l6my-kufpb,1
664,vgesf-vavqk-ggqdq-smabq-uebpj,1
665,vts3t-g0rsx-kfj6a-qs9ff-k2916,1
666,2zuqz-dv2gk-n83ap-a5tud-xx1vs,1
667,phej5-7ppdq-xzkye-9j3bo-v56v4,1
668,7vp2f-pr7n6-z57cf-t94ri-ssih0,1
669,l37m6-rnq4c-0n0pz-600uy-uj7rz,1
670,0jxpb-re4d1-axmuc-8041u-m9i9z,1
671,4edwk-vcu6x-ae4oh-3kd89-4n59v,1
672,o9elr-i3cw9-yjk52-z7din-avibh,1
673,ym1j8-9qxcw-vok0k-0xtw2-vkuwm,1
674,s2mqi-natmk-lod92-colhz-118kt,1
675,1mn3z-ncg4o-ipyoh-xbiuf-yby3s,1
676,iqb6j-t9klk-0jthi-k94c0-qtvmp,1
677,oybd3-vwcfl-v92xl-p4cm7-yexvd,1
678,p3x08-i8dx8-vo4tg-gt4r9-xiug0,1
679,aqqeb-z2eai-esqsc-mkpvq-92nc7,1
680,oo9z0-vw4xm-ynnyk-kbw7q-uar1c,1
681,ow9rr-a0yrc-cvtcb-r64cf-o1j2o,1
682,nh1pw-s7hzd-wh4lb-qrv5e-yr7hu,1
683,11odk-i9hqq-s40ks-8xv9t-xtpkl,1
684,ddsej-liwvp-9i5gj-oijua-04999,1
685,6jon0-o8q8k-pgn9u-5whw6-l703x,1
686,78yzx-w0w61-0wibq-247q3-6ss91,1
687,7ydfp-6a936-klsod-9ykcc-v5l88,1
688,79lm9-ekfvp-z00pt-lxdj4-ktdut,1
689,cyy2s-iru2o-peeij-r6ow3-2eti1,1
690,houmh-vrd78-7cqey-9cw32-q645x,1
691,u77l1-umr92-orkcx-he6ap-wv09s,1
692,nj9ig-rm98r-wq333-033q5-esn9g,1
693,5f5rg-jojoi-up0oi-hvswk-b9oep,1
694,0j3q1-ao3up-335fk-r0v4y-nafq7,1
695,dbao6-tdopg-f3yzz-9gzui-4y3sm,1
696,g0ofj-5xzha-mlclm-ebse8-f912e,1
697,9oloj-pus7d-5m020-rwtwh-x66j7,1
698,96qzt-vniq9-8bzfe-trhwx-9jkiw,1
699,r2jcd-uymwf-p9lof-pdt3x-32sgm,1
700,j8ygy-wyi5z-nj84w-qqww0-16age,1
701,bgwo0-ue5kj-z4jyn-esvre-6mt7n,1
702,4obhy-az0gd-g9itp-e8urr-xjkh0,1
703,sgoz5-fqh65-ehszt-i5z4l-glo4u,1
704,d3zd8-t3qz0-gvsi1-ovj7z-dvs6c,1
705,mb9wc-mu3t0-pfpdy-b8i59-xzobd,1
706,35e7t-36kcs-35udo-vyewz-zhu9e,1
707,y4who-5w96b-9k50n-p3svb-360r2,1
708,juuqm-59d90-75jf4-zyyz6-bpn8c,1
709,ii60g-nqvf7-7yhik-t1gm9-wkpe9,1
710,s3r4h-cylqs-iuzgv-wio0v-x9v7v,1
711,oiy6q-6e9iq-5wxe9-71r5j-olr2j,1
712,smxhz-zbcut-eha55-8m7s1-iztod,1
713,mi7f5-ojurb-r678s-3frpz-gh5b1,1
714,td0x6-hiucq-bpvta-fhhf8-saw1p,1
715,kkahk-zor3j-hlf0l-hh6wb-bfpkg,1
716,sbpp1-iydln-z4ybk-nzqjw-i40du,1
717,2cm3j-4e498-z8ntn-9yqv6-fezcx,1
718,rws68-w9xmw-56vtk-25v96-tfvjo,1
719,l1cp1-4tazg-tbt5r-q4ava-rzbpx,1
720,vhlh2-mjztt-9kij6-eikq2-eo0ny,1
721,d4laz-mg6li-bpd3g-dbnn8-x9mpj,1
722,zmhze-4b1gv-rosu5-o076s-8g9zf,1
723,pdnl4-emhwl-atljr-xnne3-n35ep,1
724,pzx3o-dy6h8-f5lxk-ek179-tv9ke,1
725,xcaoy-g28gm-qh09s-52b9b-ol1wv,1
726,vcatm-cupuo-5xdqh-457k8-p5kgv,1
727,akbck-avvez-3szgi-8nwjw-p8aek,1
728,cv5c4-ax2ey-thk2y-9fkaa-zsko2,1
729,tmcju-f7bfz-wruk5-hm1t9-2aqfa,1
730,dy7n9-uqr3b-xbdn7-u7ulz-163jb,1
731,bx5sl-9exne-hx03d-2n42x-m16e4,1
732,taw8e-7r231-v0yf8-4l4ch-v9myy,1
733,5cpuy-ukvzv-5yyfn-bc05z-8t5ia,1
734,fwxid-4kqox-o2etl-wg3u1-1irxf,1
735,vqsmx-06439-n8bgj-hn0q4-wnkyi,1
736,02xp0-2chjg-qzyf1-rbu0c-yip8n,1
737,e4gb7-ahya7-hxjba-gsjuk-zsq1y,1
738,aik5v-nxxe9-8m17b-ktx45-jex1h,1
739,lhjh9-28wn9-tooyp-zgwui-gifbq,1
740,0mef2-rkuhc-uwv8e-p45ci-q83wo,1
741,a4d51-xwtjp-38zvd-riu4k-zzg3k,1
742,b7wg7-ydgkh-49bm8-53s71-wjk9c,1
743,um0x8-vklgq-xcgve-i8b8h-94jgg,1
744,dv0zb-olxr9-biea8-ftiot-81suy,1
745,hxmsy-5upge-w7vpu-0biw2-uipo3,1
746,ar5tg-wxiho-kqedr-xgc8h-v79hw,1
747,4y3h0-iyad7-xjaea-s3up3-eiff9,1
748,o2gho-xdaeb-dzcs8-3szb4-fs5vi,1
749,exboa-qgdv6-nsd0c-6utjz-m7afk,1
750,4oo50-zv0jl-vxmuv-inxbv-txrjx,1
751,aynrl-f57oj-zgmkl-7rcl0-seghi,1
752,ab9wo-lts18-o8mwh-5h0s2-38on4,1
753,ytd8w-32yhk-zqgb0-9mhgz-vu4y1,1
754,so9qh-pu0kf-j54o6-f5i57-c9lw6,1
755,ygqzp-71049-usanz-swted-8jaod,1
756,se7v3-roq3v-nmmdz-zefvw-537xc,1
757,p36xb-z9nnh-7n1iz-wuz44-fucnh,1
758,91e9c-l8add-5gr92-l93y7-t80hh,1
759,l0k08-wc5i1-uu88w-13kqy-tzaoq,1
760,vta95-94w3q-u0m2o-84upz-kr9qb,1
761,l9stm-vvwrl-n9ihf-q9a26-fsp21,1
762,lzfpu-ai9so-740tn-no9tz-75d0k,1
763,hz6kt-e1pgq-4sdsy-mzb0w-v45zr,1
764,2607v-dpczy-gftab-obtnw-mjre7,1
765,m9i6r-8ckui-1xufc-46wms-6xr2c,1
766,gos4k-dyrn9-gnok7-mntwz-ls39e,1
767,btux7-gyg8o-a3hym-lvk92-g05ry,1
768,q5wyt-90uun-38qgl-h24az-9449r,1
769,5humy-or43p-7wkc2-itvl6-i6ser,1
770,paf5x-4cb88-f9hoe-nyu2s-y0tvr,1
771,2u6ti-l9e30-jp4hf-z4j71-r5gtd,1
772,5tbzl-os07a-ykmhe-83yi8-3f8kv,1
773,ldzbh-r6kgk-2x0d4-zzj5d-1otjp,1
774,tifpo-wakpi-2s990-49o40-u98jk,1
775,zq9on-6xntc-57ktm-8vmkx-ky93w,1
776,mdu8c-5pry9-5ohra-n9r2m-u8dtu,1
777,nqvpn-gp1yn-vgfhd-9qdnp-7zyon,1
778,vtqyh-6udvx-nbgra-nijpm-5wuyc,1
779,j8vzs-jbtms-02ppr-peqb5-qs3me,1
780,sovma-sd7vt-bwuu9-scn7h-w8vi4,1
781,e0fu2-ow5y9-20mxg-f1x8o-ovwib,1
782,sdklw-rma0b-65g5f-7hh0u-oycb1,1
783,kkq7i-nmpdi-uacub-360da-gr3q8,1
784,msq88-okl0v-skd3i-enbwl-i1kwe,1
785,l7jrx-hqq30-k9bi1-y4b98-adxja,1
786,1m73z-0wfr9-l0zlu-wifn2-uoebb,1
787,kgzje-bdgee-oi9mm-o37ei-adje8,1
788,34dfi-qeg65-shkfy-fvne4-pttcj,1
789,pclwj-s4mr2-p6npd-tcpgg-fjqq6,1
790,i8p5x-02dnn-6jzwm-3hyno-u6g63,1
791,0sr64-up7tk-z6drk-ojalx-cx8l1,1
792,6u8gw-wqdxa-68vfv-o7e42-ptg30,1
793,7dxel-kvtwc-qm8kx-x98ga-7bv2u,1
794,zlyb3-a2vqb-pjhsw-jw8lo-msnvt,1
795,5nwcj-2ueji-q2arm-q0bqw-2p78t,1
796,wt28g-75eue-llu7e-0j9rx-roc4m,1
797,fh6mq-71k5l-iyyy7-y168r-0d19w,1
798,ypwrh-3ifan-w477z-dv99w-7fqua,1
799,res1c-ep6cl-u1oog-ubu73-5dpl2,1
800,lj6hk-yfnga-66r62-rr0kr-7qm0x,1
801,8fsaz-jivve-e2og3-mf9om-hup7x,1
802,0f2r6-m94l3-nfqcn-m5yjq-85hl8,1
803,6pafp-ejuyd-6aoam-uluza-pups0,1
804,z2o74-zfeff-y40h8-9jid2-inx6h,1
805,pl9nb-kfici-a3r7p-2ta79-fprz7,1
806,2cwpn-01x1g-b3eam-an4q0-by01v,1
807,u0cmu-y96ap-78bfa-9og69-bw7g7,1
808,6n5vx-um50l-luizw-81uxk-3sov0,1
809,y7lnh-lwq9v-qz9ku-ptkvk-xcsj3,1
810,k3hyp-8zog7-9ks4n-5pz69-hskz3,1
811,by5yv-8ur8j-1jq1c-ifgm4-fsnwf,1
812,9kzkl-ib1n6-lbyiu-ftqms-fmz9w,1
813,47gnk-exla0-um5jq-bshj8-m81gk,1
814,ewqt4-iwjt5-rnxow-4122s-l8ira,1
815,yn4hz-8t9mf-5g0v9-v6a54-170yz,1
816,me3zz-ll0nc-ykbyn-9brmd-vgapo,1
817,ahit8-s4gbx-occ5r-zkp1y-6ywf6,1
818,3keki-4ax8d-wuv32-043or-l81h4,1
819,a9zr6-of1l0-kva7z-9cn4s-8az4n,1
820,98swd-2xj8n-vbylq-qqwrr-33bkt,1
821,hv3jf-1ixug-339l5-o53dx-cqxb2,1
822,by6r4-cqaz8-e8kz6-4lve4-urez8,1
823,0faub-tnvm1-va1oz-3173r-oc9ue,1
824,vm3c9-1ud01-zg2kf-hlp8t-m0132,1
825,9wcf8-v6rxu-1d3h8-x8cio-fg900,1
826,0a4vq-1cfpz-eg032-djepe-v4mtc,1
827,etucq-playy-ojtiw-kbfyf-9hghr,1
828,s2n3r-uypwu-1081a-wpljm-hiyk4,1
829,dbxyf-3kzy3-jggeg-3ndul-oxsc3,1
830,3gvdg-wxsr6-fcbfp-ygi7r-z36fg,1
831,wb9ta-0gt39-npuyx-sfb2j-ctgzu,1
832,iqzrg-a9s37-to729-f2lpe-d11ji,1
833,c2k1q-ndvw6-ew1vm-uiha4-v3mcb,1
834,y183u-52jzn-i4h1m-tcum2-b1ti4,1
835,v841h-dej2m-53brp-zfg4l-ch6qn,1
836,hx999-7gj28-yuoh6-d43xa-joxvd,1
837,2ec6c-dsxja-qe2gd-r8x63-pysuc,1
838,b54yd-jzc01-t6bu0-uxv3c-enlvo,1
839,ngmxj-0qixx-fihbt-nmkmr-asul2,1
840,8t8x8-6s5r7-ivc41-pwx1l-xeml1,1
841,9vgti-u2nue-eentv-1zrnt-rb6i3,1
842,4bm07-onwpg-v7juu-nuwfw-oig5h,1
843,qourl-gus17-3gkka-b72ri-jhoqg,1
844,liyzv-vy4d3-my6kn-ebrjl-va98q,1
845,ljbkm-31qui-kqs3u-cv4po-621fq,1
846,no4xh-wc4wd-dyxz3-go3pr-l38d8,1
847,pm3b5-d7opm-n0jpa-zs43k-zeqw8,1
848,wen1s-hh3yu-uuwno-z1fii-0rwxv,1
849,h0f6o-oibx2-f3zyw-yzg8j-s6f1p,1
850,5sckq-q4rwl-hxea7-rcrzz-7aibi,1
851,1vu67-8yp7o-xqffm-us3kj-tpgxy,1
852,y7gv0-rskus-a91nj-dh15h-1cy7r,1
853,wyoak-iftn5-ofi8b-27o53-8hx0o,1
854,v0dxg-drut0-ej946-wnbt4-fudvu,1
855,mql2g-yrmgy-v5d7r-ambk3-a8y9r,1
856,r8rmr-ybjx3-ufh17-frs7n-b09mf,1
857,62v6s-ltcq6-6picl-t8kdg-0931h,1
858,jo5gx-qp5ir-s41t8-nekmq-2rl13,1
859,8i7y6-tmxl3-3ib0b-64ubo-7w257,1
860,5thb7-qfcwk-17w2a-ucx02-u7gay,1
861,z1id0-wr8vb-pc5ws-zpzr0-th0l6,1
862,ndwg1-14u7o-rc17z-ft0ip-a7gpz,1
863,r0stc-17hl6-xolbp-ijme5-rb7do,1
864,daxvn-letpu-h0rc3-lqq0g-verpe,1
865,66091-3a57p-dp4m7-1qikp-0ie2o,1
866,jnekf-mktf8-0zecd-ywz3p-nkk4f,1
867,c70yq-6mxi7-mk5ut-ej5nu-xm7od,1
868,i3ubn-le6ax-eog85-jktlw-6ahmf,1
869,q9kwk-n520v-2bym1-187gl-19ftc,1
870,aqqgv-eelhl-julwv-mr3pr-sttnz,1
871,zf6cz-b5txh-1o9t1-i225h-fqifn,1
872,fh7dd-ij9a2-prxs6-4vr9p-bbt9j,1
873,96trs-6mgy6-6bcuu-h3m81-c6t79,1
874,xjjea-zsldg-8q21l-v30j6-t9pwf,1
875,euzoc-oydlz-qcghp-tw657-nhhsx,1
876,fy2k2-20ghi-19uk2-c5y1l-xgrgy,1
877,i3z8l-iwv3p-l7hvj-oakqj-rp4jn,1
878,h9abu-jj51b-34935-pe1t5-ops2w,1
879,28ih9-5m3zx-53e2m-20rp6-7sa5w,1
880,m61gf-ytc37-bzv7l-gdopw-viqvc,1
881,dja5b-vnjn7-rcvrt-yrnh5-6jvvd,1
882,6ug00-ih15a-l4z6z-zhdga-6druc,1
883,fv8ud-eqqgi-xtdkh-tjgbo-24v5v,1
884,8m6b5-0fetn-v4yb2-8z6os-ec7nb,1
885,tc4ci-5vdyz-1bsrw-pgorz-cp4yx,1
886,akw6p-tdi0y-2k429-rij1b-l93za,1
887,qb5i5-t6e5k-mpqz4-y0o1e-sutun,1
888,q5wge-bhlpl-sc9ty-qelkq-flbkb,1
889,67p5t-52jgu-6049v-ays6n-tqj1k,1
890,tgn9d-3wg96-bau9p-xjv2k-yt4qs,1
891,ymmqh-pg5z0-gizv0-73q6t-8k94o,1
892,su8hp-ql30v-0x3aa-4id8j-gznuq,1
893,kni63-f5h8g-bfsyl-ezmcp-0otsv,1
894,95pyr-v27j9-2zh36-6x6xe-uczmy,1
895,gi1tr-vauhn-0kf10-5zjjs-paka4,1
896,w90ze-p27ms-xurtj-f090e-ygkzg,1
897,dm2pq-bzh3w-sry9l-ygxxq-6x1l0,1
898,5p9jw-f3fbp-h0r6t-k1e7a-vfc8l,1
899,7y0f1-6l0di-12mod-p282a-mcdxv,1
900,nxjgm-m2gqi-msnlj-774xn-zuzc5,1
901,n181c-mk5g1-qjlbc-2fp7p-shrp1,1
902,xaycy-qwfxm-4y1p4-6wxgs-k0epf,1
903,tkwzv-9sh2t-g0m7t-4y4vt-77n9t,1
904,q0wc4-frgwt-1tow1-cw58p-gbbao,1
905,yq1sa-xjivz-d1btu-yz7zt-opuid,1
906,tw3ep-zx9w8-i5re6-vnfv5-sdr0e,1
907,dz8vj-4o9nq-t9546-hcu5e-s5s4m,1
908,ozwco-b511w-294zf-sd3qg-w75x7,1
909,e3e1z-ymq9c-nvl2l-1vlmk-knvrj,1
910,xcggh-ou3p5-9t2fb-rtei4-qa44n,1
911,ivevx-mvg3n-niix9-r94kn-p4okd,1
912,6poed-32s78-j1n60-fzcb4-cnccl,1
913,ckzbv-qbc3j-9y0sw-a6kuh-zuhxb,1
914,h05yj-5241u-e0z2q-u8zvr-suncy,1
915,znxul-oycvf-0iws3-44kxc-ui6hl,1
916,2ehsk-lgvs9-l6j0s-lv70a-ohl1n,1
917,043sj-tirm0-l0ju3-uo3oq-9o774,1
918,ukevd-5ou84-ovu71-mq4o6-cu2yu,1
919,5ei69-d7qen-a9zu9-4l4z2-timsy,1
920,6brjd-vi1de-s4m73-8lqe8-buxmk,1
921,wzcwe-ms9l8-gpyxi-f8eo3-jxtqp,1
922,aoqkx-2dg78-wcw6h-soapj-z0pwn,1
923,5v3a7-s0wqn-rqr8e-ucmx1-nio0j,1
924,ufkya-x25vd-yvz58-2i9um-d4kwv,1
925,vsnfr-sfsqs-e9kzy-zt9qj-802y5,1
926,xffdt-uzqxg-dojwm-vsvu4-yiqf3,1
927,c1mmz-qnr5q-2la0p-o7f4z-9fzuh,1
928,uwpuy-1x6dw-qf33t-p45hx-iw81q,1
929,47acp-tvkrr-ma92j-13dd7-8ffkk,1
930,szfec-hgw4c-bwkkx-kug70-wtylb,1
931,fks9n-g44mv-q0iu0-oe408-zbo5k,1
932,r0v50-t067c-7h3cx-ezb10-9iovv,1
933,6mrhu-mm350-0t917-fi4p3-7rcsh,1
934,ostgt-l76n6-gpk3n-4x9k0-vlfhi,1
935,thxut-w4mji-0d0xq-n2ijf-gg5me,1
936,37fm2-opk53-42nn7-bt34n-rt4a7,1
937,03v77-q2p38-jole1-3okc2-x0ms1,1
938,c6ywt-utpk8-3owvu-x85v4-im1rm,1
939,uz8a1-m2umj-ntwh3-1kg3x-f3p1l,1
940,1caxf-epq8t-i41qe-cjqgu-fgb8f,1
941,d3ttd-nescz-7s2t9-7wz44-90v75,1
942,d64lj-6sybi-i8n6x-ym9fc-19lnx,1
943,4lk95-7fr8h-f2v9l-90tdk-cc3zi,1
944,z77hf-0kz3q-t6bua-4b6rx-7m0sp,1
945,792hu-5uqpi-4zeve-1nrao-kmcif,1
946,ivtuv-jtngf-u69y4-1huib-a4xya,1
947,vhn3d-hfn6z-qf3xj-s1pf9-c4eg2,1
948,2dfl4-yjj5q-7ccne-pn18t-6vvp4,1
949,9gmu2-elnd0-2h7ge-hv1n3-0p973,1
950,vpwii-2u082-0iwi1-sehid-ziv3u,1
951,y2da6-brwvs-9us7c-rc2mo-cuxrf,1
952,4vmga-ck8n6-74tqy-gmu9x-3tldl,1
953,f67cv-qbxjj-22my9-q94la-8131v,1
954,dytv1-hgqfk-m80ds-tytts-4orbg,1
955,dlffl-f03an-x30gr-rez4z-6dibg,1
956,jpfbo-ef3s5-h0uw6-p03k1-hfyug,1
957,s8c8n-jczdp-rm5qd-5svdu-9ft1b,1
958,d153z-zma2c-pl3bh-ncipr-5t8kg,1
959,34yzt-svt0p-gact7-la43k-3usfn,1
960,xlnyi-x3lrx-soll8-kpnb9-stm7k,1
961,kk2zu-r3hqe-ef1ie-fu33t-9ytbl,1
962,870mu-k3s6j-e27hq-wie4f-mh9hu,1
963,53c0v-wq3xj-l8dmc-1ea9q-fuohr,1
964,arqir-owsll-m57ld-j2lke-y8ins,1
965,ij4uh-xkv2a-hvm5y-jwfxq-vowd7,1
966,nq9ji-m72gs-a6ysu-uova7-zbfmv,1
967,jwt2l-j2cc1-li7oi-ytwlu-crbs3,1
968,u7d4w-vfb69-u4hay-79fey-p4kzw,1
969,yyn4k-brz57-3vhix-n5t8x-2sach,1
970,ikgev-g5bou-oaomv-iblqx-hllu2,1
971,nirfi-1b60r-16o2d-j2z78-0ppfv,1
972,c1aed-ju9q5-k1qnc-rhf8k-360d0,1
973,tq5e4-pkzw3-zcupl-rj932-jfdp8,1
974,bl2ei-ng0dn-jlp5l-dnsev-ffszo,1
975,4i175-ttfi0-eiamw-vq881-wugj9,1
976,x0ayl-0x200-lj33h-yzrjc-unf1p,1
977,6qqdp-ia9z0-z9l94-2rw06-dfyfg,1
978,ww5uz-w102v-75wo4-hed50-iv2nd,1
979,7f5mk-96ne1-16cxk-qj630-13zue,1
980,vu6y6-am9yi-m97m6-hn6at-ybjpb,1
981,0xg2c-fp7an-4zuq6-h521i-mzspq,1
982,3g8pj-d835q-xt24z-lc2by-stcxo,1
983,sm5e0-ejza0-22xs7-znzvh-ciubi,1
984,gvhrw-cnm0d-ec9vo-dxcya-fw14z,1
985,fhwc3-cj1ba-tjg0b-nsslm-wqv6k,1
986,ijpf2-qe61i-ennix-pezhp-snrmv,1
987,w9e54-4wgcd-m4ujh-1h9gs-h6tsv,1
988,vo560-1gs4w-is7sp-dgj7a-v1onu,1
989,1jw02-26kap-3hucd-a7r1c-ziqht,1
990,qjn0c-m1v3q-0v8yy-418m3-a3cmz,1
991,jl5sv-m5xvx-p5132-topdr-9n26l,1
992,1udja-2jqw6-s8hv3-oir6b-k3rg8,1
993,g3mr3-6cmq9-rfams-4wsw2-iwvp6,1
994,hke5m-iqhlk-axkx4-nkcrd-cdnge,1
995,lkhgi-iro16-irjhs-amggc-ra9q8,1
996,wj0hj-eghon-nuysw-blor7-4etz4,1
997,0cll8-s7z0n-8iixp-o78dd-p96ka,1
998,h6yev-1yosk-oskpq-37va0-jg6p1,1
999,0xomy-4bvvo-2tr23-yq039-1rmnz,1
1000,a2mqy-1dzp8-5hthl-7ys3j-m0833,1
1001,ndrr5-1j4tk-l3wgk-jjpq7-4w9bv,1
1002,in2cl-4bgq3-041v1-19snz-78hu7,1
1003,5yr21-ivd5i-y6dzi-vwnwe-ua02b,1
1004,i6qbl-2tscn-mxoyg-szml0-4y46x,1
1005,db4t4-ogeaz-axztp-nbf21-cexsf,1
1006,1hk8r-hg3k0-s8ooq-jfdtz-igk37,1
1007,96f2j-brddi-wpf07-pdl52-fvuke,1
1008,31y31-fmxhx-arexl-gvt0t-qsvub,1
1009,n96o9-jcc36-evjme-5vfma-peh0x,1
1010,2wk7z-okkrx-56wot-q8ubc-qnsqm,1
1011,f2i4t-d6avp-ceymm-t7k85-g6pyq,1
1012,br1zt-h7jax-5bzl2-kq8qc-rp3sj,1
1013,ae34j-39fki-2p0iu-t519n-beofv,1
1014,nimqk-m4eqr-e3sx1-46g8a-jk7ct,1
1015,zx62p-l7dtw-b19sl-yaw91-t7olg,1
1016,4f77h-etsxu-o6per-1xqes-kguio,1
1017,d8h8m-jxcax-t401k-xnma1-lgcgs,1
1018,l9v0g-u2puc-5kxby-c007p-n6a60,1
1019,d642c-kstrf-y3phk-we30d-g7lpr,1
1020,usfjy-3j1am-uthl7-0t8h9-u62rc,1
1021,8ukgr-xtjni-oiu3m-9rtuy-yuxbk,1
1022,f111u-mpyyf-ltfl9-lhsky-s9rfr,1
1023,wbve9-661ep-i9uqb-bvsy6-1733b,1
1024,3kzxu-fwbpf-z3pxv-y312j-eyvt2,1
1025,hdxof-13ccm-mg3vq-xnt1j-bhx2d,1
1026,9fttg-6m660-ag1nd-vtdvx-53cky,1
1027,5rl3v-hvgt1-lb8qz-1umdv-mp27w,1
1028,wy6ud-yg55r-rrupw-jtnuz-w7gyt,1
1029,h1lnk-6dp9f-nyift-0v6tb-3hfq1,1
1030,3l4b2-75nrt-uwd62-62mbn-xfjwi,1
1031,i05j5-ddbsm-waumm-4hwfz-wlbxs,1
1032,wyjcl-km6j3-ue4ja-pnjej-gck0v,1
1033,5mimg-okgku-14ocz-1d0er-g9zhp,1
1034,1ohe5-yx0p6-lr8ps-9gzfl-wtk79,1
1035,xqvnd-oy4a6-vyxp7-r7byz-j6uy9,1
1036,5n4ec-2gwg5-alqy7-1dydg-r1umc,1
1037,fa88r-2lhuu-4rikc-5flw5-qblvo,1
1038,3xtar-8lmak-2y7u4-uwf1w-7vg48,1
1039,kxj1p-g6a4z-w5yio-ir0ec-mlcl6,1
1040,dpncg-y3rcq-2fnrg-27dh2-nstkh,1
1041,cfd3s-e6pdo-3s89f-7eibb-4wbqv,1
1042,7fkke-15rsg-5n9g1-dwnss-f98ke,1
1043,6ogow-5bdne-pt7rx-p99vb-gy1dn,1
1044,4nuq8-v9i1o-f6krw-o921z-0jpgv,1
1045,73lkz-3e82z-vat3q-xchvi-lpxyg,1
1046,4pbw8-k0azi-92zuf-2irfw-skwob,1
1047,4odt7-zdsm3-8tkc2-vcel9-vmv7x,1
1048,u0hx0-d8x8r-w9n88-nhbms-v972l,1
1049,k1jhq-r4ihv-j37l1-eshqy-n0g49,1
1050,lste4-sjnor-uocy3-0pa64-2pvz9,1
1051,uj8hs-y4z6f-qrmd9-oico7-hh0xe,1
1052,8gvan-deaqg-n6c30-0ruzy-rts8y,1
1053,n0r4a-kz57c-tv08g-q1a13-s1rug,1
1054,3ziy7-80gzk-dgwsi-82x9y-rmrmz,1
1055,g0yqh-x9ryw-6pi1u-d5b06-ytova,1
1056,7jbyr-z2c8p-qok58-2u1vp-6m3hv,1
1057,i2d1l-vkfo7-zc9is-l6fmo-s1rry,1
1058,917qt-bvczq-rgbc1-6pnc5-r9iuh,1
1059,34vig-fmfh0-zsx3m-j8yhb-3viwd,1
1060,bqfl1-9ixur-7t16n-jzeih-5qk8z,1
1061,gunvb-1vd0v-l5dm0-j2dib-kcqbz,1
1062,rwjid-ppybz-qpmkp-i8s6j-kwakb,1
1063,w45ym-sheaq-v0e53-nhs35-yf9d6,1
1064,i7it5-ktkg7-kuc69-wiqe4-00y0m,1
1065,k9eza-5bx3u-iijan-1isc4-foify,1
1066,f6v0b-wazs6-46jiy-g4b73-r5118,1
1067,7pi28-8xiv7-c4cw4-v9q6k-oqc4k,1
1068,bhs0f-af238-oa9gy-3lpv9-u6bng,1
1069,p0h7u-5mhg7-drjyg-rr0qq-o9eee,1
1070,y3m5r-j3p8a-ypapz-xhy7l-54vws,1
1071,7wli7-ss3wk-evht3-t8f4q-0otbe,1
1072,08mdf-gvwyl-yfl0m-09uzo-kyp91,1
1073,5uod7-zdrmm-eo91h-76n7q-xa91v,1
1074,2dgqe-5fn9d-213kn-cqfs0-18ls4,1
1075,n09by-0oazf-jf3pl-irkqk-jx8cz,1
1076,s5r8i-eh008-ra0g8-1lynu-1bl9g,1
1077,nnz1l-oruwi-2l0gd-94lom-zou81,1
1078,4g5u3-s9ig7-lbuvh-phnvd-jrwb0,1
1079,tne7y-0c0fs-q9i9y-5aihj-d35ye,1
1080,otzdc-iz2p1-bgw11-eaqsh-bbasw,1
1081,jfqv3-qrl20-ovhg0-88snh-midau,1
1082,v15ef-kwqwb-ijmn7-b99kl-wj942,1
1083,v5ykn-mm8zn-fvi3t-g4wvt-crhlw,1
1084,hs50l-e9667-e535o-mfkej-od8z7,1
1085,pb1lh-tny1i-es34a-nq03i-8ixy1,1
1086,a456p-yxgkf-98geg-6iqt2-ako2d,1
1087,s4l92-21n92-xa0su-vo43x-7x1bw,1
1088,163zo-d0gyx-8e3mp-jaybh-ijbf2,1
1089,umgkm-irdxd-8a6ld-cd2rx-4wigb,1
1090,y9nme-crfs4-66pui-9j96l-pjr9b,1
1091,xu4n9-vgnoq-mvtf9-vk118-38k3t,1
