,order_id,device_id
0,D00000013,x3yua-uuzov-064yp-lf6xp-i9qu0
1,D00000015,hv3jf-1ixug-339l5-o53dx-cqxb2
2,D00000016,0yhy0-46axu-c74ek-phj77-0uojl
3,D00000037,d4laz-mg6li-bpd3g-dbnn8-x9mpj
4,D00000014,zmhze-4b1gv-rosu5-o076s-8g9zf
5,D00000048,pdnl4-emhwl-atljr-xnne3-n35ep
6,D00000034,pzx3o-dy6h8-f5lxk-ek179-tv9ke
7,D00000021,xcaoy-g28gm-qh09s-52b9b-ol1wv
8,D00000012,vcatm-cupuo-5xdqh-457k8-p5kgv
9,D00000049,akbck-avvez-3szgi-8nwjw-p8aek
10,D00000043,cv5c4-ax2ey-thk2y-9fkaa-zsko2
11,D00000071,tmcju-f7bfz-wruk5-hm1t9-2aqfa
12,D00000081,dy7n9-uqr3b-xbdn7-u7ulz-163jb
13,D00000025,bx5sl-9exne-hx03d-2n42x-m16e4
14,D00000062,taw8e-7r231-v0yf8-4l4ch-v9myy
15,D00000085,5cpuy-ukvzv-5yyfn-bc05z-8t5ia
16,D00000059,fwxid-4kqox-o2etl-wg3u1-1irxf
17,D00000066,vhlh2-mjztt-9kij6-eikq2-eo0ny
18,D00000067,vqsmx-06439-n8bgj-hn0q4-wnkyi
19,D00000029,e4gb7-ahya7-hxjba-gsjuk-zsq1y
20,D00000065,aik5v-nxxe9-8m17b-ktx45-jex1h
21,D00000044,lhjh9-28wn9-tooyp-zgwui-gifbq
22,D00000028,0mef2-rkuhc-uwv8e-p45ci-q83wo
23,D00000072,a4d51-xwtjp-38zvd-riu4k-zzg3k
24,D00000018,b7wg7-ydgkh-49bm8-53s71-wjk9c
25,D00000090,um0x8-vklgq-xcgve-i8b8h-94jgg
26,D00000020,dv0zb-olxr9-biea8-ftiot-81suy
27,D00000038,hxmsy-5upge-w7vpu-0biw2-uipo3
28,D00000088,ar5tg-wxiho-kqedr-xgc8h-v79hw
29,D00000050,4y3h0-iyad7-xjaea-s3up3-eiff9
30,D00000019,0yhy0-46axu-c74ek-phj77-0uojl
31,D00000073,o2gho-xdaeb-dzcs8-3szb4-fs5vi
32,D00000077,exboa-qgdv6-nsd0c-6utjz-m7afk
33,D00000108,4oo50-zv0jl-vxmuv-inxbv-txrjx
34,D00000086,02xp0-2chjg-qzyf1-rbu0c-yip8n
35,D00000133,rws68-w9xmw-56vtk-25v96-tfvjo
36,D00000123,4obhy-az0gd-g9itp-e8urr-xjkh0
37,D00000138,2cm3j-4e498-z8ntn-9yqv6-fezcx
38,D00000155,7ydfp-6a936-klsod-9ykcc-v5l88
39,D00000124,79lm9-ekfvp-z00pt-lxdj4-ktdut
40,D00000110,cyy2s-iru2o-peeij-r6ow3-2eti1
41,D00000122,4k7hc-usv8s-5jirh-m32qc-zgeg0
42,D00000119,houmh-vrd78-7cqey-9cw32-q645x
43,D00000156,u77l1-umr92-orkcx-he6ap-wv09s
44,D00000116,nj9ig-rm98r-wq333-033q5-esn9g
45,D00000145,5f5rg-jojoi-up0oi-hvswk-b9oep
46,D00000069,0j3q1-ao3up-335fk-r0v4y-nafq7
47,D00000170,dbao6-tdopg-f3yzz-9gzui-4y3sm
48,D00000084,g0ofj-5xzha-mlclm-ebse8-f912e
49,D00000106,9oloj-pus7d-5m020-rwtwh-x66j7
50,D00000174,nhf5u-okpym-l11ec-gjple-q9s2n
51,D00000121,96qzt-vniq9-8bzfe-trhwx-9jkiw
52,D00000107,r2jcd-uymwf-p9lof-pdt3x-32sgm
53,D00000160,j8ygy-wyi5z-nj84w-qqww0-16age
54,D00000173,78yzx-w0w61-0wibq-247q3-6ss91
55,D00000196,bgwo0-ue5kj-z4jyn-esvre-6mt7n
56,D00000130,sgoz5-fqh65-ehszt-i5z4l-glo4u
57,D00000039,d3zd8-t3qz0-gvsi1-ovj7z-dvs6c
58,D00000115,mb9wc-mu3t0-pfpdy-b8i59-xzobd
59,D00000158,35e7t-36kcs-35udo-vyewz-zhu9e
60,D00000179,y4who-5w96b-9k50n-p3svb-360r2
61,D00000168,juuqm-59d90-75jf4-zyyz6-bpn8c
62,D00000189,ii60g-nqvf7-7yhik-t1gm9-wkpe9
63,D00000175,s3r4h-cylqs-iuzgv-wio0v-x9v7v
64,D00000135,oiy6q-6e9iq-5wxe9-71r5j-olr2j
65,D000002000,smxhz-zbcut-eha55-8m7s1-iztod
66,D00000165,mi7f5-ojurb-r678s-3frpz-gh5b1
67,D00000131,td0x6-hiucq-bpvta-fhhf8-saw1p
68,D00000132,kkahk-zor3j-hlf0l-hh6wb-bfpkg
69,D00000167,sbpp1-iydln-z4ybk-nzqjw-i40du
70,D00000042,aynrl-f57oj-zgmkl-7rcl0-seghi
71,D00000143,l1cp1-4tazg-tbt5r-q4ava-rzbpx
72,D00000227,ab9wo-lts18-o8mwh-5h0s2-38on4
73,D00000182,kgzje-bdgee-oi9mm-o37ei-adje8
74,D00000079,pclwj-s4mr2-p6npd-tcpgg-fjqq6
75,D00000147,i8p5x-02dnn-6jzwm-3hyno-u6g63
76,D00000076,0sr64-up7tk-z6drk-ojalx-cx8l1
77,D00000032,6u8gw-wqdxa-68vfv-o7e42-ptg30
78,D00000176,7dxel-kvtwc-qm8kx-x98ga-7bv2u
79,D00000149,zlyb3-a2vqb-pjhsw-jw8lo-msnvt
80,D00000207,5nwcj-2ueji-q2arm-q0bqw-2p78t
81,D00000099,wt28g-75eue-llu7e-0j9rx-roc4m
82,D00000246,fh6mq-71k5l-iyyy7-y168r-0d19w
83,D00000045,ypwrh-3ifan-w477z-dv99w-7fqua
84,D00000194,res1c-ep6cl-u1oog-ubu73-5dpl2
85,D00000181,lj6hk-yfnga-66r62-rr0kr-7qm0x
86,D00000164,8fsaz-jivve-e2og3-mf9om-hup7x
87,D00000035,0f2r6-m94l3-nfqcn-m5yjq-85hl8
88,D00000215,34dfi-qeg65-shkfy-fvne4-pttcj
89,D00000082,2ko95-hs10y-q1051-2naw2-4a07a
90,D00000218,6pafp-ejuyd-6aoam-uluza-pups0
91,D00000185,pl9nb-kfici-a3r7p-2ta79-fprz7
92,D00000163,2cwpn-01x1g-b3eam-an4q0-by01v
93,D00000266,u0cmu-y96ap-78bfa-9og69-bw7g7
94,D00000230,6n5vx-um50l-luizw-81uxk-3sov0
95,D00000217,y7lnh-lwq9v-qz9ku-ptkvk-xcsj3
96,D00000251,k3hyp-8zog7-9ks4n-5pz69-hskz3
97,D00000284,by5yv-8ur8j-1jq1c-ifgm4-fsnwf
98,D00000291,9kzkl-ib1n6-lbyiu-ftqms-fmz9w
99,D00000157,47gnk-exla0-um5jq-bshj8-m81gk
100,D00000092,ewqt4-iwjt5-rnxow-4122s-l8ira
101,D00000171,yn4hz-8t9mf-5g0v9-v6a54-170yz
102,D00000287,me3zz-ll0nc-ykbyn-9brmd-vgapo
103,D00000008,ahit8-s4gbx-occ5r-zkp1y-6ywf6
104,D00000223,3keki-4ax8d-wuv32-043or-l81h4
105,D00000283,z2o74-zfeff-y40h8-9jid2-inx6h
106,D00000128,1m73z-0wfr9-l0zlu-wifn2-uoebb
107,D00000192,paf5x-4cb88-f9hoe-nyu2s-y0tvr
108,D00000199,l7jrx-hqq30-k9bi1-y4b98-adxja
109,D00000129,ygqzp-71049-usanz-swted-8jaod
110,D00000078,se7v3-roq3v-nmmdz-zefvw-537xc
111,D00000213,p36xb-z9nnh-7n1iz-wuz44-fucnh
112,D00000172,91e9c-l8add-5gr92-l93y7-t80hh
113,D00000301,l0k08-wc5i1-uu88w-13kqy-tzaoq
114,D00000290,vta95-94w3q-u0m2o-84upz-kr9qb
115,D00000183,l9stm-vvwrl-n9ihf-q9a26-fsp21
116,D00000264,lzfpu-ai9so-740tn-no9tz-75d0k
117,D00000259,hz6kt-e1pgq-4sdsy-mzb0w-v45zr
118,D00000275,2607v-dpczy-gftab-obtnw-mjre7
119,D00000109,m9i6r-8ckui-1xufc-46wms-6xr2c
120,D00000112,gos4k-dyrn9-gnok7-mntwz-ls39e
121,D00000239,btux7-gyg8o-a3hym-lvk92-g05ry
122,D00000036,q5wyt-90uun-38qgl-h24az-9449r
123,D00000010,so9qh-pu0kf-j54o6-f5i57-c9lw6
124,D00000315,5humy-or43p-7wkc2-itvl6-i6ser
125,D00000051,2u6ti-l9e30-jp4hf-z4j71-r5gtd
126,D00000323,5tbzl-os07a-ykmhe-83yi8-3f8kv
127,D00000271,ldzbh-r6kgk-2x0d4-zzj5d-1otjp
128,D00000331,tifpo-wakpi-2s990-49o40-u98jk
129,D00000190,zq9on-6xntc-57ktm-8vmkx-ky93w
130,D00000127,mdu8c-5pry9-5ohra-n9r2m-u8dtu
131,D00000268,nqvpn-gp1yn-vgfhd-9qdnp-7zyon
132,D00000210,vtqyh-6udvx-nbgra-nijpm-5wuyc
133,D00000053,j8vzs-jbtms-02ppr-peqb5-qs3me
134,D00000346,sovma-sd7vt-bwuu9-scn7h-w8vi4
135,D00000334,e0fu2-ow5y9-20mxg-f1x8o-ovwib
136,D00000277,sdklw-rma0b-65g5f-7hh0u-oycb1
137,D00000344,kkq7i-nmpdi-uacub-360da-gr3q8
138,D00000005,msq88-okl0v-skd3i-enbwl-i1kwe
139,D00000193,ytd8w-32yhk-zqgb0-9mhgz-vu4y1
140,D00000140,ddsej-liwvp-9i5gj-oijua-04999
141,D00000022,n0qf0-vchor-pxe12-zmlv2-keby3
142,D00000111,11odk-i9hqq-s40ks-8xv9t-xtpkl
143,D00000305,0viu6-dgl9b-jge19-58fb6-0h43m
144,D00000191,uzo93-u3yh7-fm7e2-4njaq-vjcju
145,D00000336,h9nek-xtz80-v5gmy-3dxtb-e93u7
146,D00000307,i1qyu-y05d4-ilh1w-i6nye-31143
147,D00000234,e0ngi-fgdm0-ulf4u-ca0lt-jl2n0
148,D00000188,i1jfc-54qcp-z6qeh-wd2q9-3ggru
149,D00000296,ax7lo-9dlu2-0xx26-gnpvr-mhi4e
150,D00000314,lzpuv-092d2-9cva8-fn23w-6mjc8
151,D00000097,3x0pr-axw3k-jmf4o-t1go9-lzv6x
152,D00000298,8qbc5-hy9j2-samlr-iqmb6-iqjfb
153,D00000255,od0u9-da8o9-x9f2d-o95w1-17d10
154,D00000214,ddq60-vwakx-uy018-4bwit-gg3vo
155,D00000058,7865p-cz81t-0qrmk-4bc71-c5eg4
156,D00000320,gpsta-j8eav-ibxix-z15sg-t9v6o
157,D00000278,4913j-sfjfo-w153b-9yp72-ks4gb
158,D00000329,0h1m8-fblzo-32ufd-hxpi3-lp0t7
159,D00000360,k9ubf-hzfx2-o2oet-wm41i-jvka9
160,D00000367,r0pc1-11m6f-vtylf-gpt6s-kzj8i
161,D00000373,cuo86-bbmb1-yncoy-j3c0k-nb4vl
162,D00000248,bkqef-u0684-h29zr-7my7q-lhqhd
163,D00000339,qi6lv-4gjwp-59gpd-pkr5a-24yhs
164,D00000141,zuxlz-c894q-5fmez-o7wak-pppem
165,D00000350,6ttrb-y7arl-hhgn4-h2h7h-n9kce
166,D00000276,y1fh1-a0i64-y48a0-qjz87-ja4s9
167,D00000297,hiwmb-bn1gf-zqjli-6h4ey-y4lrj
168,D00000184,6eg6g-50h3v-n2p4z-h06a3-b6mta
169,D00000202,tt5d1-d8w53-pnfmv-bbhby-6v8a0
170,D00000304,vgk2e-cppdk-v69p7-b997i-9xqav
171,D00000364,abxov-t5q7v-rn9g0-bpldw-noqc9
172,D00000151,kycoc-7sit0-drzmk-ivsf5-2kutr
173,D00000228,fed06-kosov-xf97m-cqg0e-380za
174,D00000169,r3nne-3y0aq-pxdp6-gnkpm-yt11j
175,D00000383,w0n6w-shlds-x39s7-7ltlq-bn2zq
176,D00000244,fkbex-9cik2-gnujs-lxl8g-wogbr
177,D00000104,cah20-d7ods-i963p-drqvf-8fsvj
178,D00000338,nfnvy-mimf5-dngbx-5ujrf-rzukz
179,D00000154,v4c87-gycsu-cvswf-dxk9b-tq4c6
180,D00000361,b1r8a-exxyc-ghmkd-peaa8-v9odi
181,D00000279,d5p1c-xvhdu-b57pu-q7906-f5g4k
182,D00000262,jfexc-8ut1m-h6fvm-5mvzh-c82je
183,D00000285,oypio-glr9z-jl0d6-4aov8-04wxy
184,D00000319,vw10q-eislz-qgve2-k0ny8-8tcph
185,D00000394,rhsro-p3rjs-2mf8o-nemid-p76uv
186,D00000292,uesdw-vi7zz-ph5c5-3z67p-zi0dp
187,D00000096,mpn9h-vej6k-xl5c8-lzl2l-70bck
188,D00000351,jy1ez-9fvdc-u0enp-cik8d-wnfbd
189,D00000209,pgru5-5ko48-4vb16-akoow-bx516
190,D00000372,3wqea-4bc3h-5eael-sjh5f-5v71a
191,D00000098,h7k58-vvow9-vobdp-2isew-tebrp
192,D00000126,pmztx-be666-b2o8f-ayk7r-c8uk2
193,D00000353,y9rld-8uw1y-aqdpe-f956f-dev7j
194,D00000371,7i15p-cklbt-98qd1-hf6ja-l3xhv
195,D00000289,i101o-yzi7t-zh61a-vfqqu-01b2q
196,D00000300,hy2g2-gj0od-yqoib-1ow7q-8mgpg
197,D00000288,1h7oy-qn7wq-hhqqv-0rw7b-sab1q
198,D00000280,fmud2-v2948-yt07x-pygz8-jfnct
199,D00000431,s80go-bdunr-ed28c-evg1z-8bmqb
200,D00000430,53zb2-q94d3-sh4ok-b1ql7-ontdv
201,D00000200,li9jc-kem0e-ls6qz-dic1g-f085h
202,D00000198,555nh-qftev-b4z13-8eip8-l7dve
203,D00000231,klj36-ucff0-rkuzg-vhr08-2vl4w
204,D00000407,mhw28-e87kj-na00k-kpfh8-k2f63
205,D00000257,2ko95-hs10y-q1051-2naw2-4a07a
206,D00000363,9w7vj-3hoz3-qwmn5-w2ix3-vvlc3
207,D00000401,dq0om-574wz-wli5k-nzkh1-u4b53
208,D00000208,0q5ad-mkb75-r123z-6knq1-2pjbx
209,D00000354,54rbd-zw3cr-58kdv-av5u4-8kzzl
210,D00000267,qkh2q-io3p3-2mobw-hst6a-llxh9
211,D00000348,yxdpw-4fvxr-wowct-1lslz-r7ftt
212,D00000064,w9n7n-71ym1-qqz4r-olnm1-we1c0
213,D00000203,f49qf-fmcp4-1xnl9-uuvis-bfpta
214,D00000388,owlng-8d66y-2kr4l-10zsm-70fij
215,D00000405,9wes6-jr6w4-0d7i8-mjmwi-meq7m
216,D00000242,udkio-8wur0-3z7rf-bv1fr-rv2wq
217,D00000375,plyka-yjvzd-wk8ke-we945-yoy92
218,D00000206,0qhs4-doo6l-7d8gr-bcd06-9tyeb
219,D00000247,dsgrn-y4z0c-a0yyn-4izmx-vupd3
220,D00000245,uw0a4-yyq59-e2a4q-o3430-jophz
221,D00000328,eiyha-xrgi2-h07wx-wyxf3-vn41h
222,D00000068,y92de-cyf06-if24q-7l6my-kufpb
223,D00000282,vgesf-vavqk-ggqdq-smabq-uebpj
224,D00000434,vts3t-g0rsx-kfj6a-qs9ff-k2916
225,D00000462,2zuqz-dv2gk-n83ap-a5tud-xx1vs
226,D00000137,6gfhy-yp0ag-86nc7-spxqx-exvoe
227,D00000424,phej5-7ppdq-xzkye-9j3bo-v56v4
228,D00000467,l37m6-rnq4c-0n0pz-600uy-uj7rz
229,D00000437,0jxpb-re4d1-axmuc-8041u-m9i9z
230,D00000293,4edwk-vcu6x-ae4oh-3kd89-4n59v
231,D00000446,o9elr-i3cw9-yjk52-z7din-avibh
232,D00000125,ym1j8-9qxcw-vok0k-0xtw2-vkuwm
233,D00000411,s2mqi-natmk-lod92-colhz-118kt
234,D00000216,1mn3z-ncg4o-ipyoh-xbiuf-yby3s
235,D00000398,iqb6j-t9klk-0jthi-k94c0-qtvmp
236,D00000308,oybd3-vwcfl-v92xl-p4cm7-yexvd
237,D00000432,p3x08-i8dx8-vo4tg-gt4r9-xiug0
238,D00000403,aqqeb-z2eai-esqsc-mkpvq-92nc7
239,D00000436,oo9z0-vw4xm-ynnyk-kbw7q-uar1c
240,D00000410,ow9rr-a0yrc-cvtcb-r64cf-o1j2o
241,D00000458,nh1pw-s7hzd-wh4lb-qrv5e-yr7hu
242,D00000391,7vp2f-pr7n6-z57cf-t94ri-ssih0
243,D00000180,87e4t-8arro-gx0zr-1csix-5xbdh
244,D00000423,e106x-22m35-1mmsf-o330c-iymzm
245,D00000379,opa8x-69x0l-2o717-sot08-nxrc4
246,D00000075,l428z-fb3t5-a8jgu-0zsgz-xq8x9
247,D00000422,zsk16-b5010-q9lnv-79vxe-1oo1y
248,D00000294,c7ohj-krv4m-zu3q3-vlsvv-ma4qd
249,D00000159,oid8n-krfwi-amjyp-jbf2g-o6nxr
250,D00000349,2lm2w-at01h-nbml0-bvbmd-pcb9r
251,D00000046,7dbi4-uh2kv-ykp8b-z9rnm-637y6
252,D00000488,dowk3-lhyqk-gcpxr-hz6y5-5rjol
253,D00000507,djtjo-24i0f-omp29-lch84-hwisd
254,D00000465,fg93v-0iouj-xeer5-r93xz-lvcdg
255,D00000420,f33p0-lllxn-z4wgi-aieya-ak2je
256,D00000387,8qnah-wjvgn-n9puy-cbvax-j5gcx
257,D00000502,nhf5u-okpym-l11ec-gjple-q9s2n
258,D00000352,0s3kt-d1soi-j5d16-g6z7v-guvxt
259,D00000340,sl16m-2z17o-npuil-chzm6-pw61k
260,D00000519,2sfd4-fuac4-h4ziv-cquty-ikso1
261,D00000526,xn4ai-do3eu-eds2r-4vian-k498u
262,D00000330,v35wi-32e5d-h8g4v-yqomz-qe5zm
263,D00000497,57d0u-5qztc-h4nno-hviwd-98t48
264,D00000080,ky64w-wk3sg-6nqym-15mze-bqxl9
265,D00000517,a5yaq-jectz-gim22-698jf-jmonw
266,D00000026,5fy8v-ei9d2-kzt1s-isquy-ymdd2
267,D00000369,8n893-my2ad-5jm94-27xvr-n21x1
268,D00000476,xfnth-104vk-j7p8z-hlfvi-hamk5
269,D00000531,pys0c-5r0vl-giwz4-nv9y0-j5jdy
270,D00000535,sy0gc-ga7jg-1vk7t-z73zk-6463h
271,D00000455,2lnsw-qdkru-dhdsm-dyytm-nfr6d
272,D00000456,yfaap-9nz4e-vt2eu-kf74t-yqd6l
273,D00000487,0in5a-aw22u-4kzfv-cq7rf-fskpf
274,D00000518,8s6nj-627ey-43wg7-f9fuc-91o7x
275,D00000274,u8h3g-72jdi-wvu3j-q6jd0-41u89
276,D00000521,zqaaa-2v6yv-17ur7-w5yu4-99xhx
277,D00000249,a9zr6-of1l0-kva7z-9cn4s-8az4n
278,D00000166,6jon0-o8q8k-pgn9u-5whw6-l703x
279,D00000540,98swd-2xj8n-vbylq-qqwrr-33bkt
280,D00000406,s8c8n-jczdp-rm5qd-5svdu-9ft1b
281,D00000499,g3mr3-6cmq9-rfams-4wsw2-iwvp6
282,D00000503,hke5m-iqhlk-axkx4-nkcrd-cdnge
283,D00000484,lkhgi-iro16-irjhs-amggc-ra9q8
284,D00000570,wj0hj-eghon-nuysw-blor7-4etz4
285,D00000481,0cll8-s7z0n-8iixp-o78dd-p96ka
286,D00000385,h6yev-1yosk-oskpq-37va0-jg6p1
287,D00000543,0xomy-4bvvo-2tr23-yq039-1rmnz
288,D00000527,a2mqy-1dzp8-5hthl-7ys3j-m0833
289,D00000474,ndrr5-1j4tk-l3wgk-jjpq7-4w9bv
290,D00000317,in2cl-4bgq3-041v1-19snz-78hu7
291,D00000496,5yr21-ivd5i-y6dzi-vwnwe-ua02b
292,D00000515,i6qbl-2tscn-mxoyg-szml0-4y46x
293,D00000576,db4t4-ogeaz-axztp-nbf21-cexsf
294,D00000511,1hk8r-hg3k0-s8ooq-jfdtz-igk37
295,D00000512,1udja-2jqw6-s8hv3-oir6b-k3rg8
296,D00000555,96f2j-brddi-wpf07-pdl52-fvuke
297,D00000439,n96o9-jcc36-evjme-5vfma-peh0x
298,D00000524,2wk7z-okkrx-56wot-q8ubc-qnsqm
299,D00000395,f2i4t-d6avp-ceymm-t7k85-g6pyq
300,D00000056,br1zt-h7jax-5bzl2-kq8qc-rp3sj
301,D00000516,ae34j-39fki-2p0iu-t519n-beofv
302,D00000428,nimqk-m4eqr-e3sx1-46g8a-jk7ct
303,D00000589,zx62p-l7dtw-b19sl-yaw91-t7olg
304,D00000447,4f77h-etsxu-o6per-1xqes-kguio
305,D00000556,d8h8m-jxcax-t401k-xnma1-lgcgs
306,D00000486,l9v0g-u2puc-5kxby-c007p-n6a60
307,D00000390,d642c-kstrf-y3phk-we30d-g7lpr
308,D00000241,usfjy-3j1am-uthl7-0t8h9-u62rc
309,D00000599,8ukgr-xtjni-oiu3m-9rtuy-yuxbk
310,D00000605,f111u-mpyyf-ltfl9-lhsky-s9rfr
311,D00000580,31y31-fmxhx-arexl-gvt0t-qsvub
312,D00000557,qjn0c-m1v3q-0v8yy-418m3-a3cmz
313,D00000473,bl2ei-ng0dn-jlp5l-dnsev-ffszo
314,D00000568,1jw02-26kap-3hucd-a7r1c-ziqht
315,D00000475,34yzt-svt0p-gact7-la43k-3usfn
316,D00000396,xlnyi-x3lrx-soll8-kpnb9-stm7k
317,D00000031,kk2zu-r3hqe-ef1ie-fu33t-9ytbl
318,D00000550,870mu-k3s6j-e27hq-wie4f-mh9hu
319,D00000001,0yhy0-46axu-c74ek-phj77-0uojl
320,D00000565,53c0v-wq3xj-l8dmc-1ea9q-fuohr
321,D00000493,arqir-owsll-m57ld-j2lke-y8ins
322,D00000054,ij4uh-xkv2a-hvm5y-jwfxq-vowd7
323,D00000341,nq9ji-m72gs-a6ysu-uova7-zbfmv
324,D00000389,jwt2l-j2cc1-li7oi-ytwlu-crbs3
325,D00000355,u7d4w-vfb69-u4hay-79fey-p4kzw
326,D00000541,yyn4k-brz57-3vhix-n5t8x-2sach
327,D00000533,ikgev-g5bou-oaomv-iblqx-hllu2
328,D00000530,nirfi-1b60r-16o2d-j2z78-0ppfv
329,D00000413,c1aed-ju9q5-k1qnc-rhf8k-360d0
330,D00000601,d153z-zma2c-pl3bh-ncipr-5t8kg
331,D00000357,tq5e4-pkzw3-zcupl-rj932-jfdp8
332,D00000435,4i175-ttfi0-eiamw-vq881-wugj9
333,D00000621,x0ayl-0x200-lj33h-yzrjc-unf1p
334,D00000322,6qqdp-ia9z0-z9l94-2rw06-dfyfg
335,D00000302,ww5uz-w102v-75wo4-hed50-iv2nd
336,D00000591,7f5mk-96ne1-16cxk-qj630-13zue
337,D00000617,vu6y6-am9yi-m97m6-hn6at-ybjpb
338,D00000479,0xg2c-fp7an-4zuq6-h521i-mzspq
339,D00000490,3g8pj-d835q-xt24z-lc2by-stcxo
340,D00000602,4k7hc-usv8s-5jirh-m32qc-zgeg0
341,D00000113,sm5e0-ejza0-22xs7-znzvh-ciubi
342,D00000212,gvhrw-cnm0d-ec9vo-dxcya-fw14z
343,D00000102,fhwc3-cj1ba-tjg0b-nsslm-wqv6k
344,D00000646,ijpf2-qe61i-ennix-pezhp-snrmv
345,D00000582,w9e54-4wgcd-m4ujh-1h9gs-h6tsv
346,D00000566,vo560-1gs4w-is7sp-dgj7a-v1onu
347,D00000337,wbve9-661ep-i9uqb-bvsy6-1733b
348,D00000622,jl5sv-m5xvx-p5132-topdr-9n26l
349,D00000006,3kzxu-fwbpf-z3pxv-y312j-eyvt2
350,D00000536,34vig-fmfh0-zsx3m-j8yhb-3viwd
351,D00000303,gunvb-1vd0v-l5dm0-j2dib-kcqbz
352,D00000444,rwjid-ppybz-qpmkp-i8s6j-kwakb
353,D00000628,w45ym-sheaq-v0e53-nhs35-yf9d6
354,D00000272,i7it5-ktkg7-kuc69-wiqe4-00y0m
355,D00000310,k9eza-5bx3u-iijan-1isc4-foify
356,D00000412,f6v0b-wazs6-46jiy-g4b73-r5118
357,D00000560,0yhy0-46axu-c74ek-phj77-0uojl
358,D00000574,7pi28-8xiv7-c4cw4-v9q6k-oqc4k
359,D00000491,bhs0f-af238-oa9gy-3lpv9-u6bng
360,D00000464,p0h7u-5mhg7-drjyg-rr0qq-o9eee
361,D00000087,y3m5r-j3p8a-ypapz-xhy7l-54vws
362,D00000657,7wli7-ss3wk-evht3-t8f4q-0otbe
363,D00000451,08mdf-gvwyl-yfl0m-09uzo-kyp91
364,D00000528,5uod7-zdrmm-eo91h-76n7q-xa91v
365,D00000554,2dgqe-5fn9d-213kn-cqfs0-18ls4
366,D00000468,bqfl1-9ixur-7t16n-jzeih-5qk8z
367,D00000482,n09by-0oazf-jf3pl-irkqk-jx8cz
368,D00000144,nnz1l-oruwi-2l0gd-94lom-zou81
369,D00000569,4g5u3-s9ig7-lbuvh-phnvd-jrwb0
370,D00000603,tne7y-0c0fs-q9i9y-5aihj-d35ye
371,D00000545,otzdc-iz2p1-bgw11-eaqsh-bbasw
372,D00000559,jfqv3-qrl20-ovhg0-88snh-midau
373,D00000611,v15ef-kwqwb-ijmn7-b99kl-wj942
374,D00000534,v5ykn-mm8zn-fvi3t-g4wvt-crhlw
375,D00000506,hs50l-e9667-e535o-mfkej-od8z7
376,D00000060,pb1lh-tny1i-es34a-nq03i-8ixy1
377,D00000637,a456p-yxgkf-98geg-6iqt2-ako2d
378,D00000584,s4l92-21n92-xa0su-vo43x-7x1bw
379,D00000685,163zo-d0gyx-8e3mp-jaybh-ijbf2
380,D00000616,umgkm-irdxd-8a6ld-cd2rx-4wigb
381,D00000093,y9nme-crfs4-66pui-9j96l-pjr9b
382,D00000094,s5r8i-eh008-ra0g8-1lynu-1bl9g
383,D00000590,917qt-bvczq-rgbc1-6pnc5-r9iuh
384,D00000585,7fkke-15rsg-5n9g1-dwnss-f98ke
385,D00000105,i2d1l-vkfo7-zc9is-l6fmo-s1rry
386,D00000631,5rl3v-hvgt1-lb8qz-1umdv-mp27w
387,D00000655,wy6ud-yg55r-rrupw-jtnuz-w7gyt
388,D00000638,h1lnk-6dp9f-nyift-0v6tb-3hfq1
389,D00000706,3l4b2-75nrt-uwd62-62mbn-xfjwi
390,D00000624,i05j5-ddbsm-waumm-4hwfz-wlbxs
391,D00000514,wyjcl-km6j3-ue4ja-pnjej-gck0v
392,D00000295,5mimg-okgku-14ocz-1d0er-g9zhp
393,D00000460,1ohe5-yx0p6-lr8ps-9gzfl-wtk79
394,D00000586,xqvnd-oy4a6-vyxp7-r7byz-j6uy9
395,D00000654,5n4ec-2gwg5-alqy7-1dydg-r1umc
396,D00000510,fa88r-2lhuu-4rikc-5flw5-qblvo
397,D00000672,3xtar-8lmak-2y7u4-uwf1w-7vg48
398,D00000671,kxj1p-g6a4z-w5yio-ir0ec-mlcl6
399,D00000083,dpncg-y3rcq-2fnrg-27dh2-nstkh
400,D00000161,9fttg-6m660-ag1nd-vtdvx-53cky
401,D00000539,cfd3s-e6pdo-3s89f-7eibb-4wbqv
402,D00000697,6ogow-5bdne-pt7rx-p99vb-gy1dn
403,D00000258,4nuq8-v9i1o-f6krw-o921z-0jpgv
404,D00000595,73lkz-3e82z-vat3q-xchvi-lpxyg
405,D00000644,4pbw8-k0azi-92zuf-2irfw-skwob
406,D00000232,4odt7-zdsm3-8tkc2-vcel9-vmv7x
407,D00000613,u0hx0-d8x8r-w9n88-nhbms-v972l
408,D00000669,k1jhq-r4ihv-j37l1-eshqy-n0g49
409,D00000610,lste4-sjnor-uocy3-0pa64-2pvz9
410,D00000500,uj8hs-y4z6f-qrmd9-oico7-hh0xe
411,D00000715,8gvan-deaqg-n6c30-0ruzy-rts8y
412,D00000700,n0r4a-kz57c-tv08g-q1a13-s1rug
413,D00000564,3ziy7-80gzk-dgwsi-82x9y-rmrmz
414,D00000649,g0yqh-x9ryw-6pi1u-d5b06-ytova
415,D00000256,7jbyr-z2c8p-qok58-2u1vp-6m3hv
416,D00000650,hdxof-13ccm-mg3vq-xnt1j-bhx2d
417,D00000718,jpfbo-ef3s5-h0uw6-p03k1-hfyug
418,D00000477,67p5t-52jgu-6049v-ays6n-tqj1k
419,D00000688,dlffl-f03an-x30gr-rez4z-6dibg
420,D00000326,62v6s-ltcq6-6picl-t8kdg-0931h
421,D00000023,jo5gx-qp5ir-s41t8-nekmq-2rl13
422,D00000670,2ko95-hs10y-q1051-2naw2-4a07a
423,D00000698,8i7y6-tmxl3-3ib0b-64ubo-7w257
424,D00000397,5thb7-qfcwk-17w2a-ucx02-u7gay
425,D00000741,z1id0-wr8vb-pc5ws-zpzr0-th0l6
426,D00000345,ndwg1-14u7o-rc17z-ft0ip-a7gpz
427,D00000713,r0stc-17hl6-xolbp-ijme5-rb7do
428,D00000691,daxvn-letpu-h0rc3-lqq0g-verpe
429,D00000572,66091-3a57p-dp4m7-1qikp-0ie2o
430,D00000695,jnekf-mktf8-0zecd-ywz3p-nkk4f
431,D00000641,c70yq-6mxi7-mk5ut-ej5nu-xm7od
432,D00000513,i3ubn-le6ax-eog85-jktlw-6ahmf
433,D00000347,q9kwk-n520v-2bym1-187gl-19ftc
434,D00000052,aqqgv-eelhl-julwv-mr3pr-sttnz
435,D00000571,r8rmr-ybjx3-ufh17-frs7n-b09mf
436,D00000728,zf6cz-b5txh-1o9t1-i225h-fqifn
437,D00000720,96trs-6mgy6-6bcuu-h3m81-c6t79
438,D00000674,xjjea-zsldg-8q21l-v30j6-t9pwf
439,D00000449,euzoc-oydlz-qcghp-tw657-nhhsx
440,D00000600,fy2k2-20ghi-19uk2-c5y1l-xgrgy
441,D00000252,i3z8l-iwv3p-l7hvj-oakqj-rp4jn
442,D00000429,h9abu-jj51b-34935-pe1t5-ops2w
443,D00000306,28ih9-5m3zx-53e2m-20rp6-7sa5w
444,D00000724,m61gf-ytc37-bzv7l-gdopw-viqvc
445,D00000726,dja5b-vnjn7-rcvrt-yrnh5-6jvvd
446,D00000370,6ug00-ih15a-l4z6z-zhdga-6druc
447,D00000114,fv8ud-eqqgi-xtdkh-tjgbo-24v5v
448,D00000725,8m6b5-0fetn-v4yb2-8z6os-ec7nb
449,D00000312,tc4ci-5vdyz-1bsrw-pgorz-cp4yx
450,D00000457,akw6p-tdi0y-2k429-rij1b-l93za
451,D00000070,fh7dd-ij9a2-prxs6-4vr9p-bbt9j
452,D00000736,4k7hc-usv8s-5jirh-m32qc-zgeg0
453,D00000120,v0dxg-drut0-ej946-wnbt4-fudvu
454,D00000342,b54yd-jzc01-t6bu0-uxv3c-enlvo
455,D00000645,wyoak-iftn5-ofi8b-27o53-8hx0o
456,D00000730,0faub-tnvm1-va1oz-3173r-oc9ue
457,D00000766,vm3c9-1ud01-zg2kf-hlp8t-m0132
458,D00000438,9wcf8-v6rxu-1d3h8-x8cio-fg900
459,D00000243,0a4vq-1cfpz-eg032-djepe-v4mtc
460,D00000749,etucq-playy-ojtiw-kbfyf-9hghr
461,D00000552,s2n3r-uypwu-1081a-wpljm-hiyk4
462,D00000400,dbxyf-3kzy3-jggeg-3ndul-oxsc3
463,D00000673,3gvdg-wxsr6-fcbfp-ygi7r-z36fg
464,D00000754,wb9ta-0gt39-npuyx-sfb2j-ctgzu
465,D00000041,iqzrg-a9s37-to729-f2lpe-d11ji
466,D00000774,c2k1q-ndvw6-ew1vm-uiha4-v3mcb
467,D00000779,y183u-52jzn-i4h1m-tcum2-b1ti4
468,D00000757,v841h-dej2m-53brp-zfg4l-ch6qn
469,D00000762,hx999-7gj28-yuoh6-d43xa-joxvd
470,D00000775,by6r4-cqaz8-e8kz6-4lve4-urez8
471,D00000703,2ec6c-dsxja-qe2gd-r8x63-pysuc
472,D00000017,ngmxj-0qixx-fihbt-nmkmr-asul2
473,D00000419,8t8x8-6s5r7-ivc41-pwx1l-xeml1
474,D00000542,9vgti-u2nue-eentv-1zrnt-rb6i3
475,D00000520,4bm07-onwpg-v7juu-nuwfw-oig5h
476,D00000781,qourl-gus17-3gkka-b72ri-jhoqg
477,D00000643,liyzv-vy4d3-my6kn-ebrjl-va98q
478,D00000740,ljbkm-31qui-kqs3u-cv4po-621fq
479,D00000801,no4xh-wc4wd-dyxz3-go3pr-l38d8
480,D00000768,pm3b5-d7opm-n0jpa-zs43k-zeqw8
481,D00000721,wen1s-hh3yu-uuwno-z1fii-0rwxv
482,D00000778,h0f6o-oibx2-f3zyw-yzg8j-s6f1p
483,D00000784,5sckq-q4rwl-hxea7-rcrzz-7aibi
484,D00000625,1vu67-8yp7o-xqffm-us3kj-tpgxy
485,D00000588,y7gv0-rskus-a91nj-dh15h-1cy7r
486,D00000823,qb5i5-t6e5k-mpqz4-y0o1e-sutun
487,D00000777,mql2g-yrmgy-v5d7r-ambk3-a8y9r
488,D00000794,q5wge-bhlpl-sc9ty-qelkq-flbkb
489,D00000755,5v3a7-s0wqn-rqr8e-ucmx1-nio0j
490,D00000770,vsnfr-sfsqs-e9kzy-zt9qj-802y5
491,D00000549,xffdt-uzqxg-dojwm-vsvu4-yiqf3
492,D00000544,c1mmz-qnr5q-2la0p-o7f4z-9fzuh
493,D00000751,uwpuy-1x6dw-qf33t-p45hx-iw81q
494,D00000789,47acp-tvkrr-ma92j-13dd7-8ffkk
495,D00000663,szfec-hgw4c-bwkkx-kug70-wtylb
496,D00000653,fks9n-g44mv-q0iu0-oe408-zbo5k
497,D00000744,r0v50-t067c-7h3cx-ezb10-9iovv
498,D00000745,6mrhu-mm350-0t917-fi4p3-7rcsh
499,D00000756,ostgt-l76n6-gpk3n-4x9k0-vlfhi
500,D00000238,thxut-w4mji-0d0xq-n2ijf-gg5me
501,D00000648,37fm2-opk53-42nn7-bt34n-rt4a7
502,D00000684,03v77-q2p38-jole1-3okc2-x0ms1
503,D00000316,c6ywt-utpk8-3owvu-x85v4-im1rm
504,D00000579,ufkya-x25vd-yvz58-2i9um-d4kwv
505,D00000597,uz8a1-m2umj-ntwh3-1kg3x-f3p1l
506,D00000787,d3ttd-nescz-7s2t9-7wz44-90v75
507,D00000804,d64lj-6sybi-i8n6x-ym9fc-19lnx
508,D00000733,4lk95-7fr8h-f2v9l-90tdk-cc3zi
509,D00000660,z77hf-0kz3q-t6bua-4b6rx-7m0sp
510,D00000828,792hu-5uqpi-4zeve-1nrao-kmcif
511,D00000478,ivtuv-jtngf-u69y4-1huib-a4xya
512,D00000732,vhn3d-hfn6z-qf3xj-s1pf9-c4eg2
513,D00000380,2dfl4-yjj5q-7ccne-pn18t-6vvp4
514,D00000505,9gmu2-elnd0-2h7ge-hv1n3-0p973
515,D00000819,vpwii-2u082-0iwi1-sehid-ziv3u
516,D00000651,y2da6-brwvs-9us7c-rc2mo-cuxrf
517,D00000152,4vmga-ck8n6-74tqy-gmu9x-3tldl
518,D00000780,f67cv-qbxjj-22my9-q94la-8131v
519,D00000759,dytv1-hgqfk-m80ds-tytts-4orbg
520,D00000678,1caxf-epq8t-i41qe-cjqgu-fgb8f
521,D00000807,aoqkx-2dg78-wcw6h-soapj-z0pwn
522,D00000547,tw3ep-zx9w8-i5re6-vnfv5-sdr0e
523,D00000773,wzcwe-ms9l8-gpyxi-f8eo3-jxtqp
524,D00000827,ymmqh-pg5z0-gizv0-73q6t-8k94o
525,D00000508,su8hp-ql30v-0x3aa-4id8j-gznuq
526,D00000791,kni63-f5h8g-bfsyl-ezmcp-0otsv
527,D00000795,95pyr-v27j9-2zh36-6x6xe-uczmy
528,D00000805,gi1tr-vauhn-0kf10-5zjjs-paka4
529,D00000818,w90ze-p27ms-xurtj-f090e-ygkzg
530,D00000761,dm2pq-bzh3w-sry9l-ygxxq-6x1l0
531,D00000501,5p9jw-f3fbp-h0r6t-k1e7a-vfc8l
532,D00000153,7y0f1-6l0di-12mod-p282a-mcdxv
533,D00000273,nxjgm-m2gqi-msnlj-774xn-zuzc5
534,D00000061,n181c-mk5g1-qjlbc-2fp7p-shrp1
535,D00000843,xaycy-qwfxm-4y1p4-6wxgs-k0epf
536,D00000415,tkwzv-9sh2t-g0m7t-4y4vt-77n9t
537,D00000237,q0wc4-frgwt-1tow1-cw58p-gbbao
538,D00000220,tgn9d-3wg96-bau9p-xjv2k-yt4qs
539,D00000003,yq1sa-xjivz-d1btu-yz7zt-opuid
540,D00000862,dz8vj-4o9nq-t9546-hcu5e-s5s4m
541,D00000842,ozwco-b511w-294zf-sd3qg-w75x7
542,D00000011,e3e1z-ymq9c-nvl2l-1vlmk-knvrj
543,D00000831,xcggh-ou3p5-9t2fb-rtei4-qa44n
544,D00000696,ivevx-mvg3n-niix9-r94kn-p4okd
545,D00000489,6poed-32s78-j1n60-fzcb4-cnccl
546,D00000253,ckzbv-qbc3j-9y0sw-a6kuh-zuhxb
547,D00000771,h05yj-5241u-e0z2q-u8zvr-suncy
548,D00000664,znxul-oycvf-0iws3-44kxc-ui6hl
549,D00000074,2ehsk-lgvs9-l6j0s-lv70a-ohl1n
550,D00000812,043sj-tirm0-l0ju3-uo3oq-9o774
551,D00000596,ukevd-5ou84-ovu71-mq4o6-cu2yu
552,D00000265,5ei69-d7qen-a9zu9-4l4z2-timsy
553,D00000860,6brjd-vi1de-s4m73-8lqe8-buxmk
554,D00000769,f0o6g-wrkb1-0i1x9-ntvnq-m5kwi
555,D00000532,p3lov-i4fas-7v7y8-nz59l-kvzxb
556,D00000615,zqd0l-bgzz8-bczim-ua64l-ahbv8
557,D00000746,p1kql-kq18i-3nu2b-mxf4s-hy2dp
558,D00000814,ucgcp-tg2d7-9wlgh-0xt4o-f9934
559,D00000707,k1418-zzonu-dq2qx-03mlj-ham9q
560,D00000607,gtfwn-qdsnp-q08uz-a7arg-z4oo8
561,D00000418,1kh85-23h3y-97p99-qmjin-zlp2j
562,D00000858,qhawi-ol1wu-ull26-7u2vj-d9c24
563,D00000824,ggg1q-6ahlu-ptyry-dep84-422s5
564,D00000853,lwu0a-z3nho-xtyc5-096dy-tknut
565,D00000802,w8zar-63ubd-f4rjq-yzzi6-54kvy
566,D00000866,8wm9f-4w77v-g3stx-vtbt6-bulpm
567,D00000887,uzj5k-kzmtw-5hj7t-aji0a-h0e4n
568,D00000377,vrzl7-39klt-i0krr-sm8xr-gqr7y
569,D00000682,ty26e-5kob3-l3jek-qoyn1-h1h2t
570,D00000562,gdqbv-a3zn9-gcivo-581m8-u7x9e
571,D00000833,hf6sz-shca7-rxyrk-8gft4-lebpd
572,D00000100,gmk2b-qbenl-gp83x-tfh22-o7wxl
573,D00000797,jygc2-klbuu-ct31l-g4b8p-3y6n5
574,D00000864,bpz32-b0isr-mp4w9-ec7kt-0wm8o
575,D00000835,jb9f0-vuea5-zm2dx-uciua-vzijr
576,D00000747,l65ag-x9esz-e0x02-my8ie-brf23
577,D00000867,60dbz-6ytbw-kw2fj-lqjxx-mx6gb
578,D00000311,pilq4-xdg58-seqx5-1u1f0-5hv1x
579,D00000737,kv2th-40ymq-nkqk8-8xfkz-umng9
580,D00000359,4glb1-zoedr-ru481-d10y0-17zlk
581,D00000857,zs299-jabbx-w4zjk-3w9is-5wyrg
582,D00000729,eu44b-pny50-5nl28-vr1en-jnsuy
583,D00000598,57c6r-yday5-y5ai4-18xp6-au6ai
584,D00000901,kqylu-9cxv2-wkeh8-dt6b9-jkn5j
585,D00000525,1mi9t-0orw0-tymx4-6ct35-xabqg
586,D00000844,s0qiq-021x5-8vqzp-a6z1a-ki3py
587,D00000483,52owb-1qnur-nab75-x5k6x-z9qjf
588,D00000742,7rmp0-pysa8-b3r8h-tsnxa-w1e0w
589,D00000851,hx6pm-451cz-sv8wx-sjtdj-squoy
590,D00000876,ts61h-1n9h6-btdrs-v0ezq-64y1n
591,D00000211,cs49t-6ikis-d8ro1-q2tnu-hbqnw
592,D00000150,ejx6t-d36yr-rqxzr-jma8n-3jc19
593,D00000803,lcxuo-dxdfo-veggt-hz8lq-0drcg
594,D00000905,p35s6-vhrgg-nyv8v-uwm59-lc8po
595,D00000877,p8dl5-800em-qtgl6-527jd-2ac7k
596,D00000250,0vf9u-kxpyi-ucdho-bo939-gwxvw
597,D00000897,4jff4-0is1g-ik97k-m1bqz-100jv
598,D00000681,ghtx0-w6hfc-heyh9-9n0a3-wgbjl
599,D00000758,2s2s4-9c0jx-9ddxs-phv7v-zlx5t
600,D00000861,xy7nl-fgj4y-xm45b-hmio3-je3pi
601,D00000627,uupkw-8j3jp-nsibo-it8nz-nnsej
602,D00000683,tn7yb-0g7ye-26l06-1wjzq-hgug9
603,D00000767,2ko95-hs10y-q1051-2naw2-4a07a
604,D00000748,mr0vr-9reun-116fh-zu5hp-cjbi9
605,D00000845,cl2vs-qvk29-6lr7e-4hehi-dnn42
606,D00000743,jet2e-kaxhy-o84w0-hh02g-chbww
607,D00000892,ieuy5-b3p1o-szku8-owihw-a2yof
608,D00000186,ohj2m-8bkn4-sc0cq-ktexm-ten13
609,D00000848,dsvfj-9ywv9-6plwl-f8apy-qjgu9
610,D00000699,24oot-1tk3w-l9mys-rdiz3-1ba1w
611,D00000863,twa9u-w29vh-t405r-vzezw-ifpga
612,D00000480,fhnoj-dbsaw-crl14-6af6g-gayvz
613,D00000909,i81ri-8fusw-cwha2-qno3x-uvp39
614,D00000890,6q0u5-kss2v-b3emz-hnico-f621m
615,D00000485,yyqyw-ftgjn-pw1va-jvo0h-u6sb9
616,D00000834,wj3ah-dzcey-542s4-zz6ro-7shjw
617,D00000856,xbub9-ghmgi-19wnd-cda79-ji75f
618,D00000764,ntmxs-vhk11-ue04l-vn28a-bqjbx
619,D00000040,4vlyg-tmjkx-3qlq4-8qoyu-dtaaf
620,D00000659,1skj8-5g4rz-2u2yg-j1nu5-vldyr
621,D00000091,k185r-f0f7e-4e786-oz18l-e7hah
622,D00000903,20qh8-djhgy-856dl-xo9pu-pt62k
623,D00000661,tnqlp-5bxzj-uhzpj-iexdm-w0u9u
624,D00000796,a9e8r-vh7w0-1b64l-j3vmt-9f0ni
625,D00000634,llgus-2cs9k-1jcrh-x6di9-mop28
626,D00000604,ggxj9-61hgy-auvm9-52x89-zqdzt
627,D00000847,4k7hc-usv8s-5jirh-m32qc-zgeg0
628,D00000937,ys6sq-6iudp-mp98n-gszkw-7ci9q
629,D00000343,a0w96-zyigk-oznq8-1mcgu-b7930
630,D00000731,0hie4-t2j62-n6cd6-licqb-q8pmo
631,D00000504,ixypz-ftt20-0y8ap-n63f4-noelb
632,D00000939,xp0tc-9hg9v-6vt54-69mt8-4eecx
633,D00000723,r9tz1-qromz-o4m3q-i57ep-szrtr
634,D00000792,nzb6h-rlevy-urdxm-likc7-ripjo
635,D00000941,f129t-pjrvr-yb7jt-uoh36-s64hs
636,D00000204,hg6cz-q1hv1-b7o4a-6uffl-ih77l
637,D00000928,0yhy0-46axu-c74ek-phj77-0uojl
638,D00000378,xgxx8-lt6ku-3w7nf-0vb3q-kekpo
639,D00000894,b6ph9-9s9fd-vdv1a-d9qbq-d6pn2
640,D00000776,2p97l-797tl-syr3l-m0cc6-5m1wx
641,D00000786,gc31w-o5wry-vjtgi-ev9d2-lbdnc
642,D00000932,e5n0g-xg1fs-5nuac-j930f-so9sm
643,D00000966,jhtsq-rp8mp-5tfy5-1x9me-bz1jz
644,D00000286,1fe7d-g8g56-ac7rc-vquz7-1r19p
645,D00000712,p6z3i-l5ml6-iw06r-7lbnr-k8dds
646,D00000810,jricc-dze23-2yv0o-5rk5c-spn0t
647,D00000917,f7zjq-45vbo-eb5y5-89mwp-si9xh
648,D00000838,311ty-om4mv-25x8f-807if-33v4b
649,D00000943,zv603-kuryq-rfwr2-o5pw2-d1rll
650,D00000629,p9ri5-qmzxl-lttva-2gpdi-qkfs7
651,D00000760,jot0w-hfqdc-s2pri-2jfrr-zotsu
652,D00000281,wusji-49ril-catd5-yj6b3-1iz4t
653,D00000965,yc3mh-g8yah-3ti8n-s6jdm-5doj2
654,D00000921,i7sqy-bwo34-83was-cppcp-vh096
655,D00000382,mvnsd-d6881-tb2x0-dc1df-jyryn
656,D00000925,biii3-xcsp4-0bm1h-623b5-iun4z
657,D00000466,2h1yg-qpzr3-9np3z-ydphh-wznaq
658,D00000910,x3o25-jqlvh-qwqba-kyk9a-ihbc9
659,D00000632,gixxe-h642t-crk63-3f4s6-3ddib
660,D00000798,538tb-mt54t-a1xok-gkm3e-bazyg
661,D00000057,9ev16-rdcou-ff33f-0wqkj-3k8qz
662,D00000450,k4a2w-tigio-7jdd5-iu70k-qduto
663,D00000004,roj0d-o26i8-2uajh-32yyo-xk9lt
664,D00000772,5k27s-s95kw-6hgdo-0plla-gfw1w
665,D00000822,wo72s-fvnnu-mjsf6-y0glt-h9fk2
666,D00000426,yj4ak-scz5u-bgn6s-oe7yj-80ode
667,D00000806,5117q-v5u6w-449hy-mprqt-yqaea
668,D00000509,zuyyi-rg94l-bbm4i-j7x3f-u0kow
669,D00000680,2op88-d4bgi-mm9eq-mmdro-xxbbx
670,D00000399,gwf0s-3jaug-zyy4x-ujpkb-yvdiq
671,D00000546,yticy-lj0yy-41u4f-r9z4e-dg21v
672,D00000904,yi78r-st44d-x6was-iluib-h3dhu
673,D00000693,70k14-s8tt7-mll9h-klvi2-nzl3s
674,D00000226,zcoib-qsu3r-pi10u-jijpg-0xnya
675,D00000630,3l4uh-wxp7b-gb8fk-3csyy-vowp7
676,D00000734,yk810-0dhkk-ytkae-tissh-3wapc
677,D00000957,htcmx-mhufa-261du-skisp-ip1c9
678,D00000974,8sbtw-rzzyp-0n4me-6lpu4-56jzo
679,D00000047,dllsz-nkq1t-19o0k-kkee4-zvg7t
680,D00000808,9kxf1-u7ev0-i6x4e-juqyl-zu2pd
681,D00000924,ccnow-0o45y-amjxl-cgbyv-wjpak
682,D00000537,o3p2o-31g6a-ickrh-w84f8-3jdee
683,D00000711,b1kdk-j30yl-vdpxq-uhn55-z27oa
684,D00000658,zrzue-8uox9-k6r64-zklu6-215h4
685,D00000024,u6qcz-hqino-dn3g8-f8387-53jjv
686,D00000414,u31bt-i9ew1-y9la6-yi8bc-l6bed
687,D00000859,dlzcd-hrdzq-3p9ao-lxmqu-nerdq
688,D00000936,n8sj2-9yyy3-jzgoz-0fwt6-mrqvd
689,D00000816,5pixk-l01sa-fgo4z-8dvfp-bkvpw
690,D00000963,vasb0-39st2-ynmj8-0ifll-swlnv
691,D00000815,1hfh8-s30xh-tzz94-yuznb-tecpu
692,D00000679,4k7hc-usv8s-5jirh-m32qc-zgeg0
693,D00000960,3si7s-7kg1f-m2u5t-2ffmv-2t21a
694,D00000983,3hdlc-q3b7f-i4pit-lgsfr-drvza
695,D00000472,x8gvi-qa9yo-6t0re-zp9vs-8st60
696,D00000722,4zklb-40w5b-ihrdl-p6zsp-zq3lm
697,D00001007,nldfc-g7mw1-dwdo5-yc1je-y9zg7
698,D00000558,mun2p-nid8k-ywnoh-ge69w-x1w6j
699,D00000178,q2j1c-nztix-6dzgo-l4amx-7pfg6
700,D00000865,edlb4-9qg56-2ltwg-tnoz3-lsnph
701,D00000911,czdmh-e9txn-8kxs7-kgofn-piubt
702,D00000469,7pczq-86yu9-esbuh-a0rhz-ezpke
703,D00000470,szgow-ejpzt-tutll-i24zp-lb1ad
704,D00000538,yx2wj-ltsug-tgwkg-7whl7-a4oii
705,D00000931,5iebk-933y0-a20wf-88gos-6b9ba
706,D00000606,3cw2w-fi0yv-wvumf-z1mfa-3yz12
707,D00000884,8enb8-brycf-9esq1-h6q5t-re8qc
708,D00000551,moag0-qbcoc-nrwe8-kxthq-gqj9k
709,D00000710,os34x-1nbb1-3vr90-gkovb-udgwm
710,D00000662,wuyrp-5k7h9-j15wd-ri7jd-ujhja
711,D00000727,7kbka-i7td4-ekstq-xqwtf-posvw
712,D00001019,ughm9-pwjro-5pict-tesev-sf2kc
713,D00000944,2mxol-zo5yo-k8g98-88sna-55l9h
714,D00000990,mnhjc-pom1s-1rg6t-vu074-4m0ky
715,D00000871,v0nzj-nijle-dfdkt-im39y-krj0t
716,D00001011,znfu1-6mwc9-63n9y-jvt2o-aphqe
717,D00000750,qt7qe-emj25-4awco-0sbr0-tzusp
718,D00000325,r5p48-mkrda-9a34f-nm4cy-7xo5j
719,D00000908,ovjtw-aosi2-nizgy-t7s36-8srst
720,D00000583,2xtun-v75im-7qjfd-m16qu-m7z6j
721,D00001014,utmdp-43tbt-ygyug-0lbyz-jrcox
722,D00000968,t329f-2mszf-mr600-ixms1-pipom
723,D00000694,gq587-g5gyw-9a1yn-gcccv-kouxh
724,D00001018,lhph5-fs9sc-mt3q7-wsiz6-btjt3
725,D00000993,ch1t9-eql4q-ewow0-mqdo5-rt0ie
726,D00000959,nhf5u-okpym-l11ec-gjple-q9s2n
727,D00000899,1s0p8-1dfst-w7uqo-icn47-9os7m
728,D00001025,c7lxv-7vybh-apbxw-j21zi-2kpuj
729,D00000972,s1zm5-8svhm-lvd9f-a7xx1-t07sv
730,D00001004,ng39x-qdap0-ylcsf-vhs1o-8io4y
731,D00000902,wwnt0-1dglp-hde44-masqr-qijic
732,D00000996,rz8no-j1ayu-v02aw-0assk-etiqr
733,D00000942,hpsa4-kfm2w-c6vkb-0kb1h-dbzpi
734,D00000709,fcpge-9lgdw-qzjl0-1p4u6-8d3x4
735,D00000989,zctwk-q5cpy-zcekm-0dmcw-cg7zr
736,D00000821,0k9sf-xmvnv-uqxze-u4dx6-58zwj
737,D00000839,8z9ue-3my9p-4swqr-xqtsr-7srao
738,D00000922,v46j8-a27s5-c31h4-gouck-l2ott
739,D00000675,zyp4t-crrnc-e6gye-mp25o-yux9t
740,D00000920,lq1qq-llo93-zf1ty-laup1-m6e8l
741,D00000254,0xqvx-j7qq4-kfffi-trcry-7fzob
742,D00000971,7l0hn-p0ugu-954ux-ciwzu-gepyv
743,D00001056,0yhy0-46axu-c74ek-phj77-0uojl
744,D00001016,un4b6-umwz0-04ich-n6b0v-as9ft
745,D00000392,18zlx-qw6mq-0f5rl-dnz2x-pkby9
746,D00000201,jbngx-j6muq-ydxce-dp35q-wscde
747,D00000030,g4vh3-qkxx2-3r0bx-fsliy-nzejz
748,D00000915,keei2-ujxe4-mc9vb-5kxzl-l6q04
749,D00001003,nc64d-4r77u-ruqu8-z9krh-d26o2
750,D00000358,jg4ir-oxsbu-kg12h-o2sxx-anw6c
751,D00001049,sekvw-uksjn-j09cl-7pjig-qjsnr
752,D00000837,3c6nd-9n1kw-k74uv-rc3wi-n8dpb
753,D00001041,rvyg8-q3dml-wo8re-oc52f-e0co1
754,D00000896,5z2vj-wxd3l-nf98m-l021b-kp0j4
755,D00000912,f81zw-2hjxx-akas2-zdz6t-tkqnj
756,D00000463,vline-aw397-bm8ot-13jju-bymum
757,D00000994,n2e8u-8264f-2fdst-tw34e-yebsy
758,D00000914,a3f8d-ky7fa-hfofx-4lbbs-iczs2
759,D00000947,77o4f-fms6f-5xhk6-qv5k7-mtr50
760,D00000471,d0spu-4439x-u5lkt-m810j-y14v8
761,D00000992,rt7t8-bg86i-c3mhe-5wmao-3prga
762,D00000809,e2sxj-6gp6c-80aid-h7ixe-58hi5
763,D00001065,m9gbz-x0j1r-lwnrf-5db5v-ck8n7
764,D00000882,5ybgz-p65s7-kowmp-vtnnk-ycqkd
765,D00000233,o85ed-ya8kr-dm5kd-lu5eu-nvq5k
766,D00000567,zha72-oljoh-1bqb8-d9qo8-pzazs
767,D00001050,48f1t-u5ms5-15o8k-qdozt-ltz3o
768,D00000956,v66uh-f352r-npyt6-jjk01-9hfr4
769,D00000327,g2f7l-bwyah-p0jru-tt59s-zfm44
770,D00000977,rtguj-w4o90-yilwa-8un4h-h6vre
771,D00001062,wdwcn-vc4o6-7gwta-t6ov1-58lyi
772,D00000433,baq98-cvk10-gvdyz-q6711-gt0oj
773,D00000665,sr2wj-fzt1n-08uzl-0p920-16bby
774,D00000998,fgtfp-gdykf-4yb0f-v6d15-p4ul6
775,D00001060,kwqk5-d0772-8q92t-1pjnl-4cka4
776,D00000187,5w5bm-nffh4-5451p-h9z6t-zxlxs
777,D00000997,vhpdm-wbhn2-omkzd-1vcfg-n70jf
778,D00000498,7bxdn-jaruo-ebxm9-lphj2-7gfxy
779,D00000793,3k7ba-ma7eq-qcv1p-qotif-a6vga
780,D00000999,igzci-moh5f-6dv81-8sssp-d55kg
781,D00000561,76jj9-prhji-b2ib1-g8nza-s81bj
782,D00001047,hoy2t-78p1s-3guom-50uqr-epu2a
783,D00001012,w587g-7sqw9-jkbtd-irfdz-1qp1c
784,D00000817,02mzx-vuilc-haiqv-5znoo-g1qxe
785,D00000825,sh9j5-ceqqo-ny8yl-p1hb3-fnpt0
786,D00000442,92ra6-2508n-tcejv-toeoy-gig2n
787,D00001048,1z4i2-t9ebe-kcoly-i8ecx-ec3xp
788,D00000738,akz5s-7cyyq-wdxkx-ubtae-a3eoo
789,D00001063,k73vn-3ntp5-h4xl7-vy2zc-oiwk0
790,D00000855,lumyj-mtqjh-hqccz-nprt4-sfysy
791,D00000872,hsnc7-wy7xm-phiay-ams8w-p54jn
792,D00000923,0rira-02cpe-qqn8w-yk37v-6gv2j
793,D00000676,8cng4-wnf1p-cr8hi-ay3de-n1dik
794,D00000889,djvlp-m07b8-l717b-3jdbh-xdg6m
795,D00001017,0bs37-c3uwf-6wrbh-2zhnh-btv6n
796,D00001022,yfrrb-rj2h3-cwbmh-i1fho-9pvnb
797,D00000868,q2mvz-tgehu-dfj84-3zhs0-ypj7w
798,D00000103,1e3xa-u03nn-bx48n-thqcx-hpp7y
799,D00000953,jp8dy-eed1d-bcm7o-egjcx-58z1e
800,D00000975,r9nu2-kgwiv-t332b-fz2hs-kocj4
801,D00000332,uj8fu-njzaq-kr7od-q1618-tpg7l
802,D00000702,i1g72-xs4q3-t939w-63bjz-bfnwp
803,D00000577,e12x8-nqb4t-8wonu-1z5s9-7kwoi
804,D00000608,cgluk-o5b28-lg4o1-aej3x-12uh2
805,D00000441,lum8j-xdeas-gc8a5-szzi6-t65ym
806,D00000913,m6kwm-nrt64-n42ev-rvkey-eeuug
807,D00000938,bgky1-optu3-gzry6-0q935-axh6y
808,D00001013,drs9d-x9f04-gqcmd-ks8nq-n5yb3
809,D00000935,pjznm-4y3dz-vfndd-snbu5-mxgez
810,D00000445,dt2ai-dzz7m-2l8b6-gbqgv-3yo6g
811,D00001064,aa5rj-x2025-ws2ri-v550b-bzf8p
812,D00000719,k80w2-ea89v-4l2ui-1j19v-x0dqh
813,D00000063,how2u-i3sk2-c59eu-5wnpi-uvizl
814,D00001029,d8co2-j399a-fqqzd-u6xfl-6ee1p
815,D00000841,n69fx-mqdzq-e9w6e-2t5uz-rpr2j
816,D00000919,2ko95-hs10y-q1051-2naw2-4a07a
817,D00000221,k4o6x-lkm2u-buxq2-1xzjy-6qjr5
818,D00000146,eyg0z-9j99b-070bh-r1wme-53x1n
819,D00000934,rkg14-3wdii-jbd2d-e35lx-hri7o
820,D00000969,ho4fn-ij345-e6gyx-h7wsu-ekzfx
821,D00001097,pmqpw-ufqty-hk6bj-76srt-wms78
822,D00000376,tik0i-gsts2-2fqbm-gkihh-gibz3
823,D00000714,rsdbx-jhp9c-7soon-66y2p-hiwjv
824,D00000875,zv9ov-erw5f-7qcuh-qufb9-4dv8h
825,D00000404,42t3s-ua59g-3yokt-916yx-mxf54
826,D00001091,4enag-r840d-77vdi-vmsg6-csiw7
827,D00000881,xe6r2-drsgl-nzo8s-eln7l-2xaf1
828,D00000633,cmxma-z07py-99hzt-lnyta-hri8x
829,D00000225,8ztt1-2bp4v-4cbcu-5wmb7-g8mr7
830,D00000973,84he4-3e902-pxr0r-wt0dv-86wmu
831,D00000976,c5ds9-gu9ev-wa5wc-xnrh6-s3wov
832,D00000452,xvzly-21vcq-4ugta-tq6c6-6rd9k
833,D00000930,n3fg9-5u0ha-gy6rr-dw8le-jwa9v
834,D00001055,fs8mv-817zo-wtb7l-1s49z-4pffl
835,D00001104,ndqra-asnjz-8a7x5-2r1sk-249n6
836,D00000979,8ugu6-fyjwb-7857p-6283h-vecmx
837,D00000878,c6vbp-1ls4h-c6c2q-86ktr-epyoa
838,D00000619,i4abd-2yv4b-0o16y-i7xs3-mbrn7
839,D00000883,n4o0v-g74fv-kmdbg-x5cb3-q1yq6
840,D00000033,2ko95-hs10y-q1051-2naw2-4a07a
841,D00001010,bdlvh-b9jps-otc9f-h5o6r-lcvh8
842,D00001028,8bzxy-op3gf-ac10k-vsvhd-fpcjc
843,D00001082,x90wy-2u002-b8a1k-g650k-an1x7
844,D00000635,xqp0n-bdbgh-mit08-m8tu3-szxhh
845,D00000416,j6jfm-7w8ka-qgl2f-ugwwb-ztlp0
846,D00000668,0z2id-2qcv6-4mgum-xascs-p1x2c
847,D00000374,h4ccq-968yb-qbc93-ws6b9-vauii
848,D00000578,kave8-yee30-sre7r-zlxln-cx8nt
849,D00001116,wf4rs-c8tb5-sf97v-ttgpf-bgvug
850,D00000618,p0diz-g7wb3-gyk2g-zly17-fc3n3
851,D00000667,n8udu-1va2n-mgmkv-i5nc0-flbwa
852,D00000270,97c2c-xtv14-l7ofc-nv150-klddh
853,D00001070,hlfew-km8l4-i5sdl-rmzwn-qkcxw
854,D00000948,ba5nd-zof7z-6e9ux-uqims-v58iu
855,D00000522,9oavs-hdala-sab40-xwk1p-c708v
856,D00000984,hx0ge-h4hdy-z08wq-6nde3-0x0sa
857,D00001112,jxitr-cnzzf-navk7-jcw7x-fkpja
858,D00000623,wfqud-37ymg-6i9ec-rhgka-fce5j
859,D00000927,nl8nz-b7osd-n7fwh-siuk8-nvqbq
860,D00000800,tagd1-919b9-xvix2-9yvlj-8giu3
861,D00001108,dmu38-sj8ec-kr5r3-efhfy-5sq64
862,D00001021,rp9ta-04kz9-mhagi-keq5a-usn32
863,D00001036,1m5ks-7ljqz-6gx85-o57fs-psnmt
864,D00000958,zo7lr-nl4y2-dgyxf-tj1q4-244fu
865,D00001035,medbz-qig2d-nm2wz-izr8u-2qxot
866,D00000739,1wpzs-3o18a-uf1fz-ulxaf-r3t2t
867,D00000854,0q0c5-xu62i-vrny9-4ezfz-iwtyc
868,D00000765,3lpwh-zpzhg-4ql4k-ns7qd-swg1w
869,D00000309,x89py-467bw-dp9yk-ulf4t-w8sh1
870,D00000970,i2ugh-acb27-pjs7l-lnns6-73b5o
871,D00000995,rh041-tk4j4-odibi-ge8pp-lp9xg
872,D00000962,cdy36-5iltg-0vbyg-8510r-lggfr
873,D00001107,m783b-2ds7s-3tdri-79oeu-z3g8m
874,D00000263,49gjw-6dcka-qriau-ink1q-jyyvp
875,D00000753,2pqtp-wpspk-nld9p-cfwpl-nnqqd
876,D00000893,0yhy0-46axu-c74ek-phj77-0uojl
877,D00000949,mknap-blcif-xotwr-9db5e-1ejdi
878,D00001002,9rz9m-g4xad-9zpkp-ygscg-j5cux
879,D00001075,5wjpe-zj74p-fxn97-osp7r-ceox0
880,D00001054,sz2ts-8pjpy-mo899-qg4dv-9x1do
881,D00000874,4qhxf-przww-nih7z-aquwu-5x2ke
882,D00000704,6oln5-6h2mn-a0ypc-w221c-b5uth
883,D00000987,qoqz7-tqy1g-mc8k7-pbqje-ewd9u
884,D00001044,ny24t-iy594-u5u5h-sjlsw-n20fs
885,D00001086,gvjjj-b76fx-ongi4-ttg59-bf2b0
886,D00000459,98fsr-tw9gc-hiqzx-1vh6l-2gls4
887,D00000830,1yqb4-6vuhy-wpo8n-akt37-jl14e
888,D00000592,ihf49-i5lfc-idq4w-pdj6v-6lbt3
889,D00001053,7gped-pn8bb-40loe-7utfn-wnb02
890,D00000299,3gccg-5vx5y-x2jmd-bv35q-uueo2
891,D00001076,hnaqo-c4d8p-md28i-ezwra-zg6ab
892,D00001069,10oiz-ilgnb-nhdvf-uukig-robs7
893,D00000009,eevwm-ta22d-ps0uu-fort3-m8uh2
894,D00001040,zcp1g-xxg5s-fwy1d-y5yvc-9bxp3
895,D00001033,sz3d8-wvy93-7y6e9-6cn31-53ac0
896,D00000386,88i0h-pr4tt-m175k-efh4l-i77fv
897,D00000788,ufdlv-d16b9-h03gq-jjsyl-go4hp
898,D00000813,obj7g-f2a4u-skyg2-dz14f-2ecrs
899,D00001052,et9he-m5gox-4g9b5-c96fx-0sx96
900,D00000573,0n9b1-ou5cd-n4zmh-r4ofz-fijzm
901,D00000832,30h5n-ntzay-gq6bc-4vi6w-g6pmy
902,D00000826,n06ph-k22ag-0nhuo-ivvtc-grlis
903,D00000951,bstnc-nk75p-ri4un-o7vhz-wev43
904,D00000224,4k7hc-usv8s-5jirh-m32qc-zgeg0
905,D00000980,wtm9y-dzy8h-08l4e-8t6lz-zc6nt
906,D00000177,iyxbf-w8tqx-gxpr7-3y7d9-oj535
907,D00001071,2ko95-hs10y-q1051-2naw2-4a07a
908,D00000687,sdw32-erv3b-2dgk3-b0z77-z3gny
909,D00000692,lgugk-qxva4-1yz19-y9xi9-643gr
910,D00000906,aa0yx-d0eu6-ijd0r-uj9qd-likq7
911,D00000790,6ea8c-2ig67-8svv9-9mrl1-kqzu1
912,D00001039,aec3z-0bpfn-f2gh1-g6qnj-0aspi
913,D00001113,g52k1-v3ll7-1mrej-hpnty-dotc7
914,D00000492,xn9tc-6t5q1-eby21-krrel-trfr0
915,D00000427,2iuoa-rbmiy-0nwvj-q4w12-ea4qb
916,D00000811,433g7-iphio-45wnm-fokbp-sfyxv
917,D00000967,ihyt2-3wfut-p9eur-nrhic-75hos
918,D00000926,w35n0-g4v3t-002ck-7o84u-spkgc
919,D00000986,y8zl5-36jsq-4yxld-ig5a9-y89em
920,D00001110,o9cmx-6zxf1-yx3fg-53d5q-622lv
921,D00001102,o1axg-w3jhs-zaglp-g71w2-qqrvv
922,D00000136,zff21-y9urm-amgmm-nhtes-pe8g9
923,D00000333,es622-sfegc-8evqz-jkx66-04zf1
924,D00000898,cuqx2-48asr-81o3t-4ewwl-fk6o1
925,D00000614,62g6i-40lba-u4kzj-ff8hy-8y5d2
926,D00000425,7k6bu-fpwax-64ooo-7fd9b-rw4s1
927,D00000873,ehyxu-0dhmx-d3ddw-a68e2-r61x6
928,D00000955,fuf9s-0xd5p-4hfh7-slwva-tct9v
929,D00000929,3acjt-olwfx-vsbkp-arf9v-hx5y6
930,D00001030,oluwl-l4lq6-16z9h-9raun-avdv2
931,D00001058,14l76-w31ry-fpkyp-ftm8b-0g8qy
932,D00001073,l8tz0-m37hd-4mt65-c8jfi-fbm4s
933,D00000763,t85c2-be3sc-jk6ia-jqxzn-n2r5g
934,D00000716,4ov4g-e6dup-0mg4c-pj0o4-v5ng3
935,D00000988,ee1an-xkveu-skhbx-2k5ph-qnpvd
936,D00001015,3hd2l-kq0gw-ye85p-uldta-ador9
937,D00001026,o0pqi-2amd3-8wdnq-eb81n-tgjbq
938,D00000581,12txh-2wki7-se6i2-5jjrk-02ena
939,D00000978,i5mtp-8c19m-jexvf-mmrt2-alcv7
940,D00000495,4lgzl-t73nj-03e85-3i9mo-nonvo
941,D00000563,3g094-wxydn-hp0or-tzkjc-ooefh
942,D00001078,1ftlg-qynxt-q616a-k4q3o-n1419
943,D00000409,h76p2-h6ufb-84cpg-ghye0-4d50o
944,D00001061,8gbyd-lcwnn-aj9vw-ddmaq-agvkr
945,D00000686,oajou-yrkdt-sl1dt-uqc2h-5bl6n
946,D00001085,41m9f-q35uq-iw68f-16cr7-etvyr
947,D00000002,kf73k-9xw1j-gol9c-gc856-81nez
948,D00001001,o1zi8-klcwp-ms6mc-zlszd-uh7wm
949,D00000985,pq1bo-0ki38-2h2si-y2mn6-yfab7
950,D00000640,7ehht-3eksf-61ho9-sozzp-taowe
951,D00000321,1l1lr-ibvpg-w5zxp-62rxy-986ex
952,D00000895,ddnjt-jad07-iofhc-g8g7q-4x3pp
953,D00000261,m7g3z-3etlr-nzk7w-0tc7l-m0n0c
954,D00000448,uonkb-hcmy7-xsbn6-c1gni-8hrja
955,D00001079,end0l-2ypxw-rat6j-qnrw8-qt8fb
956,D00000095,my7ym-nard0-luhnr-5miwt-dkaht
957,D00000027,xn1yi-ra8je-pw14e-e179i-ap640
958,D00001098,hpxai-svvg7-dh24h-wich4-c8n39
959,D00000799,rf46q-fdjmt-5qpet-cud1t-wdcvo
960,D00000701,3t00j-1k2un-ku0h5-snnip-8lblk
961,D00000222,s2ois-tnavy-95919-15kwe-qkdwb
962,D00000235,enxz6-g8c6m-igfr6-xlvvu-9kx9n
963,D00000260,scnx1-2h36o-xkqee-wgzlx-fufaq
964,D00000885,d47n2-fiaa9-lgyw0-r0myb-247re
965,D00001000,3xe4e-wgyqv-sx9t1-kcsti-tkt2b
966,D00000846,bg3y7-2i9n1-8l4vq-8fcq1-toy0n
967,D00001101,1ek1y-dg7os-90ifh-whi99-m5nwf
968,D00001057,zlmi3-sj20s-ffm0f-ibswj-mbch0
969,D00000900,nzlat-sdos9-1aujg-xbhnr-yfqz3
970,D00000869,2p2v1-hvg26-0tolx-3ssh1-cykv6
971,D00001066,a21i2-fijxe-lq3cd-hb5ow-f2vda
972,D00001059,9e7r7-k80p8-rme92-9lgmc-vxybz
973,D00001087,h1n40-1ur7j-0b0ps-se2n2-7v5aa
974,D00000575,cbp98-iaiej-uzvky-8hqpm-v5ivt
975,D00001038,gx4x2-qrbzk-j2d99-4x5ly-qet41
976,D00000118,snhch-zw4ys-5h96s-8vfo4-7ca28
977,D00001081,u6aqs-n80h5-je626-9k4dy-z5djj
978,D00000240,6cklw-il9k9-1f0jx-dua1z-lizv1
979,D00000593,mm8g6-cy6n4-wxiyn-2svbc-7dxk8
980,D00001080,1l7s6-lxkk0-plgf8-qcfsp-dclsl
981,D00001032,lip8z-p9t9p-4udzx-goh0h-phgec
982,D00000870,0cy5b-5rmfa-fe0o2-r8vcv-arq4u
983,D00000785,zrk0x-d3p0u-dlcyo-fag5y-v6lan
984,D00000453,az00j-7o0zk-3ugex-1bq10-8icd9
985,D00000829,cxpm4-2x7ka-q2d1a-vlvp5-ey321
986,D00000318,o8pc3-16uw6-2gjbj-or3mg-21ng3
987,D00001051,diae1-9cayo-a5a9h-nzvzf-dyhq3
988,D00000836,re45z-hz2if-0n4n8-9ghe4-v030e
989,D00001099,f9kwj-3zbm3-vdczg-yp6bx-ermp7
990,D00000553,maixr-796s0-7hncf-8nrvw-c5dpz
991,D00000421,ybt3d-msnbb-kupjv-duegn-ojoi9
992,D00000055,1ze0u-1tzre-fahll-ye044-muhj5
993,D00000639,4agz9-zsib5-z91zk-ws26n-thd42
994,D00001072,2l37m-e07f7-lloin-egv3d-enveg
995,D00001115,ok8tv-sg3ur-kf0ih-gpwtf-ifsvx
996,D00001046,sacoe-6dgx9-7uheh-w8yay-eaf4t
997,D00000636,axw03-k9isy-o2m2z-9tg3f-7kjnc
998,D00001111,ldrgh-qfl71-672z5-27rbe-w1mk8
999,D00000888,ecr18-6pdfo-ff218-ez3fi-yj6rw
1000,D00000594,z7niy-3rryi-8tai0-7d56h-onotf
1001,D00000964,86kgu-pyxij-yhy42-hv7zm-2kgf9
1002,D00001006,o6uiv-86jza-ijy91-aqnlm-ht9rm
1003,D00001093,kr3sm-h28dm-5herp-8z6lj-drzwp
1004,D00000879,85qj5-k9n6a-7qs2x-60sd7-o1g3x
1005,D00000089,nulaa-h7qbx-yc8q0-qlluf-jx00f
1006,D00000961,z2wye-2o16h-6htx1-vzr7n-4jk0h
1007,D00001114,g1r7y-2ngji-pfnli-w6rvl-hhbng
1008,D00000393,g8mdw-x14by-cmcu6-ifwnl-9mjrw
1009,D00001100,tmxkb-vgj8t-zin0i-srit2-84k5y
1010,D00001090,th1g7-gpqt9-ob8i4-enf2r-aqfnr
1011,D00001068,hc1gu-9tgsq-xfd7x-ud81t-q2p10
1012,D00000205,0mrw9-9hm8v-84n2t-vfri4-klmsm
1013,D00000954,cou9i-6vquh-ankoo-4iuv8-0k6hs
1014,D00001083,tdq6y-xikq5-m4lwi-r2a92-4036i
1015,D00000219,qk6ax-qsh2n-p9jlz-b670a-p938c
1016,D00001094,31nfa-lst8q-68uld-krt6i-xesis
1017,D00001024,y9ogg-j1uay-v9rft-l2sb2-swa3m
1018,D00000101,kzcu8-3fjew-u9i2e-fafmt-e92be
1019,D00001043,xr5p4-vt4lv-rdxex-mun2l-qvibl
1020,D00000656,0qzul-rpa6p-n1ysp-ukn6m-zvffl
1021,D00000705,pzcnt-pd4ej-l122x-nge7o-mc5l2
1022,D00001023,iannk-yml2f-s6wpr-3imnd-wpdq5
1023,D00001109,9q0lj-0rkiy-int1y-u3dfr-g7g3e
1024,D00000417,namp2-5j3kq-olt1b-y93xe-hb5et
1025,D00000708,ns3st-tej54-oz6vr-ji6lj-1z4m5
1026,D00000454,q3nz5-4cs96-ddk11-afp4m-mn30v
1027,D00001008,msk8a-uh9fc-qu64n-n40x1-gebu8
1028,D00000142,8lswx-um69c-6ehpd-ymvvu-lrmfn
1029,D00000440,9b9uw-qebpg-3ujlw-kyzs8-evqpa
1030,D00001074,ui9q4-io8mf-buqw8-xdows-mcbz8
1031,D00000148,j4htt-bhpey-xdt4c-qqsyv-fso3k
1032,D00000523,x4ime-u0w60-wtqew-u38v2-gcuiy
1033,D00001027,tkydj-pb5ds-db5c7-1jhm7-08yos
1034,D00000918,krexg-nllcc-3qetv-re3cl-kynv1
1035,D00000940,mfzwv-xjuep-m6rpc-t78kl-3k2g2
1036,D00000783,9s97r-8legz-ycl5h-rl2x7-2opl7
1037,D00000677,m0r5b-37e9n-6zk3s-em9gc-820pp
1038,D00001031,3b3hl-fe7yk-hnfbm-93hga-msngv
1039,D00000494,b0jas-8aj6x-8gek9-eni8r-voije
1040,D00001088,wgchg-3ahzx-dw0mq-hspfk-fusow
1041,D00001095,06jqe-b89n2-2dmir-7t62u-2kaha
1042,D00000134,oy0nl-za8am-6detr-7zzeo-fe7fo
1043,D00000236,2lmdd-qn1vq-wp1qc-p6g49-7cebb
1044,D00000197,9zceo-7xa39-jmp1u-8n4n8-61jze
1045,D00000880,ajfvp-3z53v-w1qnz-53cem-vlg51
1046,D00000982,342cy-sy162-7fphx-92fec-y31hd
1047,D00000313,k6no8-eck9h-rg8ip-komja-fq4zu
1048,D00000933,swn2g-7y1uo-g24lh-q65uu-qj7dr
1049,D00000269,7epkd-1oxza-uieqy-m0kvj-f8ysb
1050,D00000408,mjwvm-m8v98-kvzu8-mkrg6-q4nql
1051,D00001092,h5nbf-qpjvy-iey3r-vd1tg-48xk7
1052,D00000717,nhf5u-okpym-l11ec-gjple-q9s2n
1053,D00000950,6xaz0-kq3kt-98fci-xr241-6s63x
1054,D00001020,ccpon-y7l37-qicce-z31r6-z1su9
1055,D00000612,e58gg-wsnpb-1dt3k-wo81w-y93di
1056,D00000362,y59gf-78r7q-8cmf2-owhvi-0i2d0
1057,D00000852,0yhy0-46axu-c74ek-phj77-0uojl
1058,D00000335,nhf5u-okpym-l11ec-gjple-q9s2n
1059,D00000886,e60ty-g3glu-7kzmg-sklbu-v8nur
1060,D00000652,fgf2o-jhq4l-o8kwo-kpf7a-cxfec
1061,D00000229,f3200-un9px-zk600-cqe52-22x0p
1062,D00000587,57pbn-bi572-ztk6j-5056a-doynl
1063,D00000195,v4d30-78te7-pdgi5-hu2ve-e8sl2
1064,D00000162,wslzt-kmnvp-gxhj6-ah89g-t39m8
1065,D00000620,2ko95-hs10y-q1051-2naw2-4a07a
1066,D00001077,euooc-x3a7s-8nt2h-p57u0-m6fqg
1067,D00000368,n0rmf-6txoz-1bnb0-xcw0c-fz295
1068,D00000891,18tbr-l3ufq-o8b88-4ehol-v7270
1069,D00000366,14tux-mssq8-3n8g4-0cr2r-lcemx
1070,D00000007,wi4so-yq5ry-dblfw-c4lhy-ln2s3
1071,D00000991,87h00-66kny-tgrus-pglna-bqsb5
1072,D00000907,e2zdp-2j5g3-b4ix2-um8vw-585vt
1073,D00000626,btk4a-64f2p-0y2mp-vznci-ei4oz
1074,D00001067,msbd6-q7b2p-ave36-b1ppj-cjzug
1075,D00000735,2ko95-hs10y-q1051-2naw2-4a07a
1076,D00000384,pvskg-bdl3b-b82bc-eqicb-akdtn
1077,D00000946,3yz72-2rzvb-i8zqw-blloj-4lg28
1078,D00000945,99m6a-4cri6-hucgc-zybn8-qkr4r
1079,D00001034,70kim-uwnro-gazh8-4hnig-jzzx6
1080,D00000849,wip6u-eh3no-lre2j-ahi81-5474i
1081,D00000782,csz4u-cbo8r-xrog8-1gt0x-8835i
1082,D00000443,xv5lj-x0e98-6itse-qir2y-gsy24
1083,D00001103,bhn6t-7pwq1-fst9u-xme8h-zygab
1084,D00001042,huvrq-5zbjc-wv41s-un85a-blvvc
1085,D00000139,cnc6f-gxwc1-t7cqj-es0wl-96uek
1086,D00001105,39tiy-71m3n-19reu-rb6od-m6426
1087,D00000381,1kxuu-p6j59-7nkv4-jgdqe-8hcme
1088,D00000402,3d0cr-83yix-wtatj-dav5a-lwl0o
1089,D00000548,htok9-3ds0q-8lncc-xl7kr-d7nn6
1090,D00000647,wp0iq-c0rk1-9g896-re42r-xlx35
1091,D00000689,q68nm-2qhab-efokh-s4aji-rktp0
1092,D00000609,yypsi-qyxmj-cdzb7-8oejq-8k1gm
1093,D00000529,h5o3m-fvths-c34g5-18dpn-edz0c
1094,D00000666,xn31f-bozs4-8qsqf-9zfa6-zgny3
1095,D00000117,0yhy0-46axu-c74ek-phj77-0uojl
1096,D00000324,qjo0w-wicql-y1ft7-aa4tl-xbpa9
1097,D00000981,i5b9d-2yv95-poeha-xguxw-pp8hv
1098,D00001106,3ubmj-tb3wp-sack6-0nkam-j83rv
1099,D00000356,xfbj8-pcr4d-4495t-cyam9-1ru36
1100,D00000461,grx64-9914r-f1m9c-5dogd-v5mmn
1101,D00000850,j39uo-0jjkv-imm53-32ign-ra73g
1102,D00000820,hd4tc-v1byx-w3xbr-c5ckd-4xrma
1103,D00001084,iriok-h1guw-xuc7k-fdtrs-vhrh7
1104,D00001045,9tqm8-8za5s-b5syd-3igg6-7mhd8
1105,D00000642,p3vkv-w5v24-ozrrm-med0w-un8ov
1106,D00000916,gwdqa-cg1cw-h1x1h-4jy51-zyr1n
1107,D00001096,28wph-ad3oe-b7gg8-h1ci4-ctf8g
1108,D00000840,s1hja-qivez-ld73m-sqge8-009m5
1109,D00000952,z0rdt-ou6h1-m9lgc-e50tl-f75ke
1110,D00001005,iu1pt-yx247-ci1r2-5v7nr-njxuq
1111,D00000752,t1bpe-oo8b9-lk2u5-8s52t-8kdl0
1112,D00000690,642oj-oiinw-9ieez-10xut-ate7q
1113,D00001037,u36ge-rckot-zabh0-nzi1l-93pns
1114,D00001009,skp8m-afnsm-x2wy6-suiqw-d6wqz
1115,D00001089,qlydd-d31b5-1dhlj-tg0ua-9fldw
1116,D00000365,xu4n9-vgnoq-mvtf9-vk118-38k3t
